user_id,gender,university,competency_score,confidence_score,total_score,problem_setting,solution_oriented,creativity,logical_thinking,inner_values,interests,resilience,empathy_and_listening_skills,decisiveness,open_minded,extraverts_introverts,curious_cautious,sensitive_confident,compassionate_independent,organized_spontaneous,passed,foreign_university,national_university,no_university,other_university,private_university,public_university
3374,1,Nagasaki University,0.48957726,-0.097040787,0.19626823,0.83828372,0.76339048,0.88675165,0.87332827,0.74378967,0.88375187,0.81046355,0.67477018,0.79616374,0.86367697,0.53144807,0.44920024,-0.30046833,-0.33801302,0.59741122,0,0,1,0,0,0,0
4712,1,Shimane University,-0.20189318,-1.0562228,-0.629058,0.72715628,0.74939883,0.41128582,0.65578318,0.73960209,0.87695038,0.76393372,0.85782862,0.66430312,0.7942307,,,,,,1,0,1,0,0,0,0
5272,1,Shimane University,-0.15964125,0.56672955,0.20354414,0.74692261,0.76616687,0.80696064,0.81481099,0.79611433,0.54383677,0.5505656,0.67740309,0.87794644,0.77317417,,,,,,0,0,1,0,0,0,0
5379,0,Kyushu University,0.05305155,-1.2659713,-0.60645986,0.73741657,0.80863571,0.64590037,0.55994081,0.87768137,0.85066152,0.76259208,0.8511948,0.80128288,0.65582687,0.41234791,0.5131759,-0.33943561,-0.30910015,0.52979922,1,0,1,0,0,0,0
5442,1,Nagoya University,-0.9022184,0.27865747,-0.31178045,0.58620584,0.62960511,0.50016057,0.41941676,0.60370487,0.68931091,0.74007326,0.7110011,0.68477833,0.84702653,-0.15275815,0.43007383,-0.67737579,-0.42073655,0.024680397,1,0,1,0,0,0,0
5447,1,Waseda University,-1.4450383,-0.28981927,-0.86742884,0.26958695,0.55200499,0.54633433,0.73494828,0.52936679,0.74418807,0.75209534,0.53687739,0.44973737,0.71610743,0.12196352,-0.09623827,-0.62958848,-0.37353355,0.35746086,0,0,0,0,0,1,0
5516,1,Yokohama National University,-1.3658803,-0.25025687,-0.80806851,0.64314759,0.73884523,0.49067459,0.35675496,0.62921697,0.59868866,0.5969615,0.64384872,0.57351184,0.59013343,0.29419711,-0.51053101,-0.94678694,-0.73872578,0.055506241,0,0,1,0,0,0,0
5680,0,Otaru Shoka University,-0.94559872,0.52772367,-0.20893751,0.485715,0.66538006,0.36839199,0.62681597,0.85891664,0.63592225,0.33553764,0.76534444,0.75532067,0.81510043,0.069739997,0.11665186,-0.4856784,0.25675148,0.12558089,0,0,1,0,0,0,0
6151,0,Shiga University,-0.059422474,-1.1114208,-0.58542162,0.68408108,0.65815675,0.82758528,0.72535044,0.90635049,0.71080655,0.58919024,0.63656467,0.8926307,0.80517495,0.75810438,0.40683818,-0.042482354,0.18701653,-0.18478127,0,0,1,0,0,0,0
6317,1,Kobe University,-1.5477263,-0.24552494,-0.89662558,0.44759861,0.70435131,0.70776385,0.53982222,0.37043867,0.74847811,0.69656426,0.48781896,0.44300511,0.56930149,,,,,,0,0,1,0,0,0,0
6376,0,Tohoku Art University,0.019018425,0.42637354,0.22269598,0.76065117,0.7482661,0.49804685,0.69919437,0.77105552,0.85154843,0.76561189,0.78820229,0.84051049,0.77312356,,,,,,0,0,0,0,0,1,0
6395,1,Ritsumeikan Asia-Pasific University,-0.48797682,-0.45080891,-0.46939287,0.73372829,0.73295856,0.62743205,0.68525338,0.73926342,0.69851828,0.6393894,0.75455511,0.7070089,0.62766945,0.48392841,0.28662184,0.25080332,0.75426692,0.55231297,0,0,0,0,0,1,0
6432,0,Shizuoka Prefectural University,0.73713231,-0.22197393,0.25757918,0.89907742,0.86468214,0.80553091,0.83544916,0.82061899,0.81785005,0.8054564,0.89151442,0.86787713,0.81655049,0.73732907,-0.15952967,-0.73088878,0.54207736,0.32929653,1,0,0,0,0,0,1
6717,1,Fukuoka University,-0.037971828,0.25772589,0.10987704,0.81609684,0.86425292,0.65596706,0.8785314,0.84400576,0.74909705,0.54118085,0.57956022,0.81756157,0.69886172,-0.016555643,0.58810753,-0.50445968,0.70631963,-0.98642331,0,0,0,0,0,1,0
6735,0,Otaru Shoka University,0.5609681,-0.67409223,-0.056562047,0.84697849,0.86204308,0.67769456,0.69857317,0.89774209,0.76260966,0.88101202,0.90116978,0.87389457,0.78441542,0.16404335,0.51509553,-0.87480289,0.16226402,0.29881525,0,0,1,0,0,0,0
6794,1,Hiroshima University,0.23406158,-0.00073101,0.11666529,0.78079432,0.82589906,0.79115647,0.78558946,0.71178335,0.84082943,0.74307114,0.76174271,0.70920581,0.87235594,0.09896379,,,,,0,0,1,0,0,0,0
7118,0,Hokkaido University,-0.32228336,0.34572715,0.011721896,0.82562274,0.84056485,0.76741165,0.75776249,0.85777271,0.71609879,0.32872081,0.57127982,0.83359319,0.60029554,0.41593382,-0.027235702,0.023632919,-0.35568601,-0.33480263,0,0,1,0,0,0,0
7550,1,Hirosaki University,-0.24541244,1.1616004,0.45809394,0.63712603,0.63571084,0.59928709,0.7667731,0.76040822,0.87162644,0.62186891,0.82138038,0.66824317,0.83780831,,,,,,0,0,1,0,0,0,0
7697,1,Hokkaido University,0.73757374,0.4760499,0.60681182,0.8607564,0.87951171,0.71217597,0.91802549,0.79686677,0.73845947,0.88175839,0.83746248,0.89185143,0.9074899,-0.23053762,0.50175101,-0.59468693,0.35822549,0.25088727,1,0,1,0,0,0,0
8046,0,Nagoya University,0.69365782,0.24074879,0.46720332,0.8961696,0.86408216,0.82358867,0.86495781,0.90316921,0.83875304,0.74703115,0.88618082,0.68772489,0.87339169,,,,,,0,0,1,0,0,0,0
8246,0,Tohoku University,0.29021969,-1.0890781,-0.39942917,0.84303182,0.83485961,0.6584323,0.81616402,0.81797606,0.82486439,0.73869127,0.82430804,0.66560102,0.85272568,0.075656749,0.27455273,-0.74665141,0.20112032,0.1728103,1,0,1,0,0,0,0
8266,0,Otaru Shoka University,-0.049109451,0.58341885,0.26715469,0.70332795,0.69287622,0.80626309,0.6865887,0.91145396,0.78309971,0.57991832,0.79430813,0.73578882,0.77182353,0.48562548,0.22856438,,,,0,0,1,0,0,0,0
8410,0,None,0.79218042,-0.078203075,0.35698867,0.92840207,0.90515834,0.73695737,0.81497121,0.89944464,0.83165073,0.77192277,0.88759369,0.85025251,0.83788335,0.017926639,0.2678186,-0.16402823,0.12592995,-0.18511494,0,0,0,1,0,0,0
8569,0,Otaru Shoka University,0.069837801,-1.1475748,-0.53886849,0.85629457,0.86502415,0.70474631,0.75462389,0.87181771,0.72621667,0.68267113,0.75518173,0.70112824,0.6954037,-0.23002093,0.27403206,-0.13762037,-0.24492297,0.41006979,0,0,1,0,0,0,0
8732,0,Tsukuba University,0.74798179,-0.84755111,-0.04978466,0.89703298,0.81229502,0.8111316,0.86606282,0.85819125,0.86413455,0.83433563,0.7876727,0.87282342,0.82247794,0.59491438,0.63393414,-0.31386957,-0.24332403,0.37241399,1,0,1,0,0,0,0
9468,1,Otaru Shoka University,0.52845669,-1.2978717,-0.38470751,0.85634643,0.85310251,0.54511917,0.76152229,0.87098396,0.88881975,0.72981864,0.88935286,0.88199842,0.82407099,,,,,,0,0,1,0,0,0,0
9498,1,Otaru Shoka University,-1.5208616,-1.7825816,-1.6517216,0.45569953,0.56511104,0.62592036,0.67310905,0.56592381,0.65559918,0.63742375,0.35476819,0.65464467,0.52154791,-0.62494445,-0.56344086,-0.69348937,-0.13301277,-0.11419718,0,0,1,0,0,0,0
10513,0,Kanazawa Gakuin University,0.3962636,0.10173371,0.24899866,0.71494001,0.8264398,0.8048088,0.64938557,0.92386228,0.70107257,0.8971346,0.84524345,0.82740432,0.82281882,,,,,,0,0,0,0,0,1,0
10711,0,Niigata University,0.22605865,0.49027848,0.35816857,0.8539809,0.89514655,0.46421888,0.87794667,0.79988551,0.7023921,0.72664016,0.77442861,0.82689559,0.84178472,0.37806389,0.48081997,0.18094957,-0.22071101,-0.50420982,0,0,1,0,0,0,0
11330,0,Niigata University,0.032787085,-1.8358687,-0.90154082,0.779935,0.73596686,0.76948601,0.54408562,0.82286048,0.78123719,0.78143215,0.79003769,0.76964408,0.78157151,-0.05377011,0.44003224,0.20952761,-0.40102854,-0.72528613,0,0,1,0,0,0,0
11372,1,Kanazawa University,0.48662713,0.54227018,0.51444864,0.9002074,0.86234367,0.73890305,0.85851699,0.78686899,0.83772612,0.70878559,0.83651173,0.86287314,0.7163046,0.056263261,0.54298955,-0.47302344,-0.088344842,0.47078207,1,0,1,0,0,0,0
12404,0,None,-0.27011353,0.3955833,0.062734902,0.71025479,0.81882077,0.47605136,0.87420022,0.74879795,0.64888668,0.67489678,0.70723355,0.77913874,0.74912614,,,,,,1,0,0,1,0,0,0
13602,1,Toyama University,0.17533559,-0.19322893,-0.008946669,0.84293592,0.86847484,0.6915884,0.80700922,0.88621038,0.65906078,0.75026709,0.68940455,0.82646906,0.71131468,,,,,,1,0,0,0,0,0,1
13762,0,Hiroshima University,0.026627805,-1.2199171,-0.59664464,0.68629503,0.65953785,0.86640155,0.60251713,0.88365763,0.81784576,0.75773704,0.64041251,0.75763744,0.87393445,0.11169305,0.45084748,0.24128039,0.40875778,0.059700973,0,0,1,0,0,0,0
13829,1,Hiroshima University,-0.15711786,0.46976638,0.15632425,0.73114288,0.76898879,0.76247954,0.68611908,0.84929293,0.80341119,0.67698914,0.73477042,0.73668003,0.5882411,-0.13448678,-0.29107186,-0.77857178,0.037727881,0.2481645,0,0,1,0,0,0,0
13911,1,Hiroshima University,0.51154321,0.56752276,0.53953302,0.86991417,0.93097258,0.7429027,0.92236435,0.82848978,0.71464509,0.65047503,0.82620603,0.86974615,0.79110074,0.30727306,0.60375649,-1.0427366,-0.19678846,0.096497975,0,0,1,0,0,0,0
13925,0,Hiroshima University,0.32417431,-0.055082217,0.13454606,0.84620804,0.7924884,0.72848576,0.60580593,0.80391538,0.83179682,0.92205161,0.66533577,0.85622168,0.8290692,,,,,,1,0,1,0,0,0,0
14219,1,Tohoku University,0.041621126,0.13839325,0.090007186,0.87659919,0.8710987,0.62052703,0.87765414,0.82772547,0.60022163,0.7812553,0.5492478,0.86810273,0.69305408,0.51101822,0.25766897,-0.11401173,0.35803705,0.29261813,1,0,1,0,0,0,0
15284,1,Hiroshima University,-0.33364281,0.13459021,-0.099526301,0.81210607,0.81777573,0.52985513,0.59530681,0.72732985,0.84180576,0.50251186,0.8636294,0.79393852,0.586532,,,,,,0,0,1,0,0,0,0
15489,1,Tohoku University,0.15668723,-1.4282997,-0.63580626,0.66075796,0.77414125,0.81284285,0.78412229,0.64851445,0.76894361,0.87440574,0.71624112,0.84117836,0.85965908,0.5840897,0.2806178,-0.057999332,-0.33185205,-0.008695041,1,0,1,0,0,0,0
16878,1,Kyushu University,0.22918206,0.61299461,0.42108834,0.81484938,0.82827181,0.41069117,0.81020474,0.73749667,0.74004686,0.89246595,0.91073698,0.76347619,0.87897074,-0.17175213,,,,,1,0,1,0,0,0,0
20853,0,Kyushu University,-0.13278532,0.74451852,0.3058666,0.84409624,0.85760635,0.83796811,0.8671729,0.86354786,0.58239245,0.60445809,0.53166407,0.86231345,0.5340569,-0.41508141,0.36800668,-0.22391056,0.076379679,-0.086864643,1,0,1,0,0,0,0
20981,1,Kyushu University,0.48032469,0.74588174,0.61310321,0.84401023,0.86732441,0.63232875,0.81467891,0.77771538,0.82154006,0.77277601,0.83023345,0.85531431,0.86354089,,,,,,1,0,1,0,0,0,0
21014,0,Shigakukan University,1.1312917,-1.2902907,-0.079499431,0.90623218,0.88049525,0.88816065,0.88231611,0.90684575,0.88409352,0.88389236,0.90427095,0.88113612,0.88342661,,,,,,0,0,0,0,0,1,0
21420,1,Niigata University,0.50583947,0.089224003,0.29753172,0.84954041,0.82009536,0.71750182,0.84734505,0.89475012,0.86940044,0.80463767,0.7206127,0.76630318,0.82902479,0.68885058,,,,,0,0,1,0,0,0,0
21426,1,Kanazawa University,-0.015943177,0.90317833,0.44361758,0.78040171,0.80625677,0.77477431,0.88194036,0.91650093,0.50510061,0.83567542,0.41466203,0.89926052,0.70406961,0.81213152,0.45313877,0.012286304,0.009089535,0.25441408,1,0,1,0,0,0,0
21475,0,Hokkaido University,-0.51111948,1.1903474,0.33961397,0.73526007,0.78806221,0.47397807,0.63407075,0.75682282,0.61078751,0.81941712,0.77974862,0.49627402,0.8340314,-0.83089644,-0.15772572,-0.29987025,-0.18121266,-0.65013224,1,0,1,0,0,0,0
21526,1,International Christian University,-0.012431547,0.60133779,0.29445311,0.79521042,0.85613281,0.88245964,0.82998794,0.72203922,0.73094761,0.65151012,0.55358875,0.79043883,0.71723038,-0.89111364,0.66917306,-0.22683524,-0.3933354,-0.11802017,1,0,0,0,0,1,0
21557,0,Kanazawa University,0.014019667,0.53057688,0.27229828,0.85106897,0.77637511,0.47081015,0.76729333,0.74828094,0.60073614,0.79557163,0.8972221,0.84750843,0.78548014,,,,,,1,0,1,0,0,0,0
21601,0,Tohoku University,-0.165925,0.038884431,-0.063520283,0.6574319,0.70816028,0.58505529,0.5980978,0.8429997,0.80968553,0.7939477,0.71070236,0.80694836,0.76624477,,,,,,1,0,1,0,0,0,0
21637,1,Kanazawa University,0.25565276,1.0594363,0.65754455,0.73549771,0.68440735,0.93385619,0.76268142,0.92313153,0.87660694,0.75210065,0.60837078,0.80621928,0.7505607,,,,,,1,0,1,0,0,0,0
21653,0,None,-0.26773152,-0.25620577,-0.26196864,0.69431716,0.764853,0.84023529,0.44669455,0.85174483,0.80058724,0.75667256,0.73965031,0.63757521,0.67442173,0.60519803,-0.35863289,-0.056701284,-0.17544362,-0.056782536,1,0,0,1,0,0,0
21661,0,None,-0.27998009,0.19475448,-0.042612802,0.7816897,0.66019458,0.85911447,0.82295114,0.90778482,0.77094746,0.6389516,0.60664916,0.72917092,0.4433257,-0.59358931,-0.51723635,-0.046405286,-0.46521002,0.20631164,0,0,0,1,0,0,0
21663,1,None,-0.46579155,0.74860579,0.14140712,0.81577015,0.81569338,0.62712997,0.84001905,0.78872657,0.67753011,0.30316034,0.6236698,0.74107909,0.7032637,,,,,,0,0,0,1,0,0,0
21705,0,Kagoshima International University,0.38218948,0.023394527,0.202792,0.77322221,0.75980252,0.7581225,0.83189356,0.78925419,0.87141752,0.83075112,0.75852334,0.87977874,0.7312519,0.40535736,0.84824777,-0.3028698,0.43987161,-0.47841257,0,0,0,0,0,1,0
21733,0,Aichi University,-0.067828953,0.43944752,0.18580928,0.72961336,0.71265131,0.67391789,0.7975511,0.88016081,0.75279278,0.62097681,0.87737292,0.600492,0.8210218,-0.17561685,0.24771526,-0.31159234,0.33799276,-0.19250168,0,0,0,0,0,1,0
21767,1,Shimane University,-0.74983031,-0.66202623,-0.70592827,0.70141304,0.65076727,0.65009719,0.70579118,0.75003922,0.69442266,0.65484226,0.55908173,0.7118398,0.54921973,-0.000740165,,,,,0,0,1,0,0,0,0
21771,1,Maebashi Institution of Technology,0.013528185,0.3267273,0.17012773,0.74898678,0.81923074,0.4034839,0.80758452,0.76126677,0.67772049,0.80541199,0.85439396,0.80424905,0.83692068,-0.76115173,,,,,0,0,0,0,0,0,1
21886,1,Hokkaido University,0.092876688,0.18985914,0.14136791,0.74485898,0.85455149,0.44148797,0.86800259,0.89405996,0.66021615,0.79329467,0.82070094,0.76622444,0.77772552,,,,,,1,0,1,0,0,0,0
21905,0,Fuji Women Uiversity,1.0490688,-0.41526061,0.3169041,0.91828805,0.84730959,0.82555062,0.89596468,0.91509748,0.81991076,0.88114607,0.9114213,0.90434754,0.88200945,,,,,,0,0,0,0,0,1,0
21963,1,None,0.005619291,0.12234803,0.063983656,0.80095673,0.72149271,0.79923153,0.81880909,0.76162267,0.83442092,0.73955023,0.51465374,0.83459449,0.69822478,0.65439385,,,,,1,0,0,1,0,0,0
21967,1,Hokkaido University,-0.70312482,0.16690153,-0.26811162,0.7649622,0.74959528,0.28388396,0.7940098,0.87871277,0.63647968,0.73062581,0.38034013,0.67576927,0.71459055,,,,,,1,0,1,0,0,0,0
22011,0,Hiroshima Prefectural University,0.29387242,-1.420163,-0.56314528,0.7732864,0.83865964,0.74857306,0.74983978,0.88640702,0.73111129,0.78537202,0.82174748,0.84963512,0.6984641,0.073398955,0.41540423,0.1216023,0.17113401,-0.3639968,0,0,0,0,0,0,1
22014,0,Hiroshima Prefectural University,0.97378266,-0.068145514,0.45281857,0.85374373,0.87052476,0.8027544,0.85289335,0.92929602,0.83091038,0.85307425,0.89070356,0.90917563,0.89956647,0.72797686,0.71749985,-0.61607981,0.52864474,0.83527845,0,0,0,0,0,0,1
22052,0,Hokkaido University,-0.47363824,0.71626794,0.12131485,0.85655719,0.74484998,0.33617783,0.63163859,0.60268652,0.72731078,0.60014045,0.79887074,0.74581897,0.85447127,0.37517297,-0.21935894,-0.42628333,0.27949241,-0.078991063,0,0,1,0,0,0,0
22060,1,Hokkaido University,-0.18756396,-0.40598455,-0.29677424,0.76446712,0.70723057,0.65452594,0.77985454,0.77288973,0.77963251,0.71635634,0.685274,0.776434,0.65971881,0.074781939,-0.21308228,0.55041903,-0.52608091,-0.2918523,0,0,1,0,0,0,0
22113,0,Ibaraki University,-1.4633203,0.74695694,-0.35818166,0.51470548,0.54978913,0.43306586,0.35135999,0.68903315,0.59330136,0.78121781,0.51936144,0.57624459,0.72774577,0.2519747,0.37313265,-0.49045476,0.27631116,0.17837037,0,0,1,0,0,0,0
22142,0,Ritsumeikan University,0.21900113,0.050336812,0.13466896,0.89079636,0.83042592,0.753815,0.81754112,0.78053552,0.70666116,0.71584386,0.69868839,0.86380637,0.73428935,0.46127698,0.022355482,-0.18948789,0.005772861,0.40548003,0,0,0,0,0,1,0
22154,1,Ritsumeikan University,0.59726787,0.37593913,0.4866035,0.86558813,0.93312466,0.80672938,0.84786665,0.87303972,0.85125566,0.6613676,0.85960752,0.76780146,0.78050697,0.61856139,0.35254955,-0.62023896,-0.52689332,0.94256467,0,0,0,0,0,1,0
22201,1,Otaru Shoka University,-0.33256125,-0.44675249,-0.38965687,0.69826162,0.74646604,0.48079267,0.51290834,0.64987528,0.78389406,0.87994993,0.65788817,0.78705466,0.87124634,0.79159248,0.72257572,-0.37970629,-0.31541449,0.12677509,1,0,1,0,0,0,0
22206,1,Nagasaki University,-1.161382,0.73348731,-0.21394733,0.60489267,0.54052436,0.32404679,0.51179439,0.5574075,0.8449769,0.66081512,0.64670873,0.55140984,0.83213383,-0.31294632,0.81538475,-0.58577466,0.21084474,0.55663764,0,0,1,0,0,0,0
22260,0,Kanazawa University,0.21138608,-0.045789491,0.082798295,0.86703026,0.8431868,0.77025515,0.62194437,0.85420913,0.74352258,0.71299022,0.84536093,0.69789129,0.82682317,0.69248217,0.52166224,-0.30160695,0.078518495,0.31827241,0,0,1,0,0,0,0
22289,1,Fukushima University,0.3649433,-1.1841478,-0.40960222,0.81318927,0.76955551,0.77351862,0.77507299,0.70983773,0.78866678,0.87438083,0.90056986,0.72513378,0.87734503,0.54223514,,,,,0,0,1,0,0,0,0
22318,1,None,-0.08555977,-0.27380449,-0.17968212,0.88792634,0.72031122,0.7909053,0.80156606,0.90486461,0.87560803,0.6389479,0.4169212,0.87745017,0.46716136,0.033293713,-0.22164017,-0.031760439,-0.28906521,-0.24453121,0,0,0,1,0,0,0
22319,1,Tohoku University,0.14249729,0.063749641,0.10312346,0.82840127,0.86761725,0.79201555,0.88154137,0.86297148,0.69100648,0.68026763,0.5855189,0.87733072,0.63111019,,,,,,1,0,1,0,0,0,0
22351,0,Seinan Gakuin University,0.67325693,0.24323392,0.45824543,0.72424328,0.89064693,0.82707644,0.72454703,0.876912,0.89283079,0.84382927,0.91381204,0.8196758,0.82115102,0.41026506,0.68006355,-0.23231155,0.84194911,-0.14316408,0,0,0,0,0,1,0
22358,1,Nagasaki University,-0.010055524,1.1925019,0.59122318,0.65954822,0.66145998,0.88798827,0.70959044,0.74323654,0.79358673,0.79944026,0.7878322,0.72771442,0.78922862,0.23002444,0.43658155,-0.08877521,0.21426772,0.10119547,1,0,1,0,0,0,0
22362,0,Niigata University,0.83596909,-0.006877181,0.41454598,0.888111,0.88818759,0.74588627,0.82875043,0.86254424,0.89411694,0.73445791,0.87749827,0.88552487,0.89826542,1.0917101,0.69889355,0.64754462,0.412141,0.62811244,0,0,1,0,0,0,0
22363,0,Tohoku University,0.16881271,-0.13260846,0.018102122,0.83792305,0.72744459,0.72072619,0.65393084,0.79844546,0.87702984,0.75308371,0.83330232,0.77129495,0.74330831,0.92179304,0.7953732,-0.64705312,1.1492761,0.1823339,1,0,1,0,0,0,0
22417,1,Fukuoka Educational University,-0.26415858,0.41608638,0.075963899,0.70615596,0.82279706,0.47672194,0.43740952,0.76850808,0.80433035,0.76710016,0.82936603,0.64407593,0.89378935,0.36145431,0.49189496,-0.23033985,-0.17203012,-0.65313566,0,0,1,0,0,0,0
22453,0,Niigata University,-0.36074695,1.3050708,0.47216192,0.76029545,0.71188623,0.48367384,0.5184955,0.65790176,0.77987289,0.65730065,0.89591479,0.75989264,0.82424158,,,,,,0,0,1,0,0,0,0
22491,0,Kanazawa University,0.68187147,0.99612212,0.83899683,0.90383136,0.76787722,0.73381925,0.80335587,0.84267384,0.79571223,0.90437853,0.89990282,0.85056365,0.85591269,0.2838501,0.55356234,-0.066975392,-0.1570276,0.1323168,1,0,1,0,0,0,0
22494,1,Ehime University,0.30985379,0.34866825,0.329261,0.74676704,0.71920139,0.74278665,0.85726899,0.89727622,0.82160294,0.76619548,0.79174942,0.75807476,0.80758268,-0.36688989,0.33402747,-0.29987958,-0.43431994,0.81815523,0,0,1,0,0,0,0
22505,0,Kanazawa University,-0.121927,0.82281631,0.35044464,0.7451601,0.72138554,0.82684588,0.71458936,0.65649217,0.72891688,0.65078455,0.75182354,0.78846824,0.81911308,,,,,,0,0,1,0,0,0,0
22529,0,Niigata University,-0.30213287,0.72247392,0.21017052,0.70973533,0.70765775,0.693039,0.72388792,0.8355487,0.51356256,0.50278568,0.83683056,0.85486227,0.79432189,,,,,,0,0,1,0,0,0,0
22535,1,Niigata University,0.018186174,1.0111133,0.51464975,0.60524046,0.75634229,0.80682456,0.8094036,0.86799914,0.68612206,0.78030121,0.52947348,0.87080628,0.83046842,0.45751852,0.38294446,-0.68461061,-0.47174788,-0.10390729,1,0,1,0,0,0,0
22547,1,Tohoku University,0.34024024,0.79758108,0.56891066,0.85331702,0.83868253,0.58084989,0.88114184,0.89293844,0.68798923,0.80393106,0.74412906,0.86682415,0.768951,0.32285386,0.22170225,,,,1,0,1,0,0,0,0
22573,1,None,-1.2300459,-0.27889743,-0.75447166,0.65089643,0.67399317,0.42670944,0.72691536,0.73988634,0.54873699,0.58384216,0.56060451,0.41907564,0.73111677,0.068207115,,,,,0,0,0,1,0,0,0
22605,0,Seinan Gakuin University,0.88851476,-0.74788553,0.070314609,0.90504742,0.87807488,0.80886662,0.86859626,0.90743458,0.73604637,0.87556505,0.88126081,0.87380803,0.87960881,0.79180115,0.27931702,-0.74897337,0.012539262,0.52817434,0,0,0,0,0,1,0
22615,0,None,0.17699397,-0.18667273,-0.00483938,0.86229843,0.80814797,0.67576402,0.62161779,0.81660485,0.84006685,0.88862592,0.70817757,0.74980932,0.74420249,,,,,,0,0,0,1,0,0,0
22623,1,Niigata University,-1.1828712,0.046366453,-0.56825238,0.51849663,0.64264059,0.83644348,0.5660972,0.82446474,0.63132113,0.62513345,0.33654687,0.64731449,0.48636076,-0.49493912,0.27365479,-0.039912716,-0.36990884,0.74285454,0,0,1,0,0,0,0
22643,0,Nagasaki Foreign Language University,0.40894929,-0.92375863,-0.25740469,0.80732268,0.72716737,0.87336737,0.65275538,0.76509416,0.8822943,0.8374154,0.73833233,0.84460127,0.88319677,0.63031054,-0.61555201,0.040481843,,,0,0,0,0,0,1,0
22644,1,Shinshu University,0.16572589,1.0433289,0.60452741,0.72467911,0.75747877,0.8897683,0.87964123,0.65831465,0.77576751,0.67085797,0.81770283,0.83311057,0.7669791,0.65969139,0.015436678,-0.17144044,0.10942563,0.27464148,1,0,1,0,0,0,0
22675,1,Hiroshima University,0.27829516,0.10136274,0.18982895,0.82739991,0.86965674,0.44145143,0.81488228,0.90353054,0.73003,0.83911973,0.78710771,0.79347861,0.81333405,,,,,,1,0,1,0,0,0,0
22676,1,Shinshu University,-0.72235417,1.0800425,0.17884417,0.6536141,0.78077227,0.2358828,0.78388125,0.55134028,0.54574949,0.60991967,0.77965325,0.85168362,0.82439727,,,,,,1,0,1,0,0,0,0
22686,0,Ritsumeikan Asia-Pasific University,0.29466468,0.15530229,0.22498347,0.90263098,0.87130201,0.54808444,0.83564067,0.82352442,0.86543787,0.81636667,0.44336694,0.8790341,0.81369698,,,,,,0,0,0,0,0,1,0
22701,1,Shigakukan University,-2.1485214,-0.17311984,-1.1608206,0.66943866,0.56872547,0.32564977,0.37987468,0.41545016,0.78453034,0.60107565,0.22815222,0.23632462,0.68886334,,,,,,0,0,0,0,0,1,0
22704,1,Niigata University,-0.24765839,1.1529421,0.45264184,0.74985671,0.83358014,0.65182936,0.68354046,0.78373373,0.8527739,0.57588291,0.53092062,0.88237923,0.61236382,-0.043128103,-0.3010051,-0.49318811,0.48395866,-0.21730696,1,0,1,0,0,0,0
22710,1,Niigata University,-0.40880334,1.2386166,0.41490659,0.62946093,0.56656367,0.45564646,0.49927846,0.80807585,0.63079876,0.89552611,0.87822151,0.74956161,0.90306497,0.16821603,-0.1555263,-0.6131528,0.13360241,0.66854692,0,0,1,0,0,0,0
22716,0,Kagoshima University,-0.28964651,0.45132008,0.080836788,0.67647773,0.68252814,0.66776031,0.68136591,0.89055169,0.73962706,0.6011098,0.67475897,0.80584294,0.72502261,0.68407071,-0.28959674,-0.47527695,0.12551917,0.55098408,0,0,1,0,0,0,0
22732,0,Kanazawa University,0.9485178,-0.90028274,0.02411755,0.90607613,0.88858116,0.77339923,0.88624513,0.90096706,0.88818121,0.824166,0.86805606,0.88934791,0.83110845,-0.35138816,-0.12362365,-0.21399984,-0.093103014,0.15624546,1,0,1,0,0,0,0
22748,1,Niigata University,-1.5984979,-0.38767546,-0.9930867,0.38587299,0.51963013,0.78904206,0.33498082,0.76742184,0.71185392,0.45839164,0.44066024,0.55506718,0.62234223,,,,,,0,0,1,0,0,0,0
22752,1,Niigata University,-1.7273365,-0.55780512,-1.1425709,0.42341408,0.36144525,0.43754855,0.34058723,0.5122267,0.51056403,0.84456939,0.67845505,0.48264325,0.88911396,,,,,,0,0,1,0,0,0,0
22759,1,Niigata University,-0.20305817,-0.64476043,-0.42390931,0.66056699,0.72442377,0.71713567,0.65232867,0.88807589,0.71380407,0.73328674,0.7090863,0.75962108,0.71741319,-0.075912841,0.35361469,-1.2289066,0.39109999,0.26653332,0,0,1,0,0,0,0
22768,1,Miyazaki University,0.39861989,-1.2177738,-0.40957692,0.83577645,0.87808812,0.50290799,0.82634968,0.8562932,0.80085391,0.8171984,0.8084653,0.81283629,0.82747006,,,,,,0,0,1,0,0,0,0
22784,0,Niigata University,-1.6954613,-0.17066473,-0.93306303,0.32559177,0.39868128,0.6394195,0.28388259,0.59275174,0.62444633,0.6795994,0.6123293,0.7114262,0.61778408,,,,,,0,0,1,0,0,0,0
22794,0,Kanazawa University,-0.097221524,-0.13069145,-0.11395649,0.77559918,0.86474228,0.65284407,0.62371808,0.89272904,0.84051239,0.57703722,0.72964275,0.63958156,0.76890022,,,,,,1,0,1,0,0,0,0
22799,0,Niigata University,-0.28471842,0.49004206,0.10266182,0.8121801,0.55825156,0.44257739,0.5585534,0.79808724,0.71033639,0.88331938,0.90288103,0.67209405,0.8357138,0.41787374,0.68855923,-0.034904268,0.19492042,-0.35941851,0,0,1,0,0,0,0
22849,1,Niigata University,-0.020510253,0.58019507,0.27984241,0.90026814,0.81294459,0.64945984,0.69153726,0.94383478,0.60233432,0.72580647,0.57914871,0.88708436,0.67210299,,,,,,0,0,1,0,0,0,0
22854,1,Nagasaki University,0.083475769,-0.70306873,-0.30979648,0.80366826,0.79273337,0.65566605,0.74475729,0.77490216,0.78736365,0.65723825,0.84285724,0.81639785,0.73737812,,,,,,0,0,1,0,0,0,0
22866,0,Fukuoka University,0.34040374,-0.71313828,-0.18636729,0.78593063,0.86840713,0.83045506,0.82797134,0.86474317,0.76791811,0.73110086,0.80529147,0.86719733,0.6041677,0.33880648,0.14399268,-0.24955378,0.32963881,0.20210615,0,0,0,0,0,1,0
22884,1,Hiroshima University,-1.4373581,0.045326672,-0.69601572,0.4911913,0.51268321,0.3781313,0.61309379,0.67702669,0.42521143,0.60491318,0.6452446,0.57288623,0.88526702,,,,,,0,0,1,0,0,0,0
22889,1,Niigata University,0.42189816,-1.2751229,-0.42661238,0.83352691,0.83712083,0.81704706,0.79299563,0.88249487,0.84339094,0.76803648,0.70471674,0.82441008,0.72238642,0.43209493,0.36573252,-0.84007746,0.073243693,0.16661456,1,0,1,0,0,0,0
22915,0,Kanazawa University,0.30471599,-0.36622062,-0.03075232,0.78013587,0.80608654,0.70176876,0.55209208,0.76617336,0.84156084,0.80706352,0.8741914,0.84381133,0.88644344,,,,,,0,0,1,0,0,0,0
22916,0,Kanazawa University,-0.19705443,0.31865135,0.060798466,0.83665508,0.74338514,0.49241567,0.829081,0.50859654,0.67708051,0.85035431,0.78898007,0.75052279,0.83575308,,,,,,0,0,1,0,0,0,0
22925,1,Kanazawa University,-0.27193224,-0.39656171,-0.33424696,0.69057554,0.59537703,0.72129095,0.57758313,0.6052798,0.74733591,0.8114686,0.81466007,0.80644208,0.84434813,0.081115671,,,,,1,0,1,0,0,0,0
22932,1,Ehime University,0.28442764,0.23448975,0.25945869,0.83532733,0.75334483,0.8057754,0.87977177,0.89360029,0.76759261,0.8097043,0.71013397,0.82471091,0.61334223,0.013606964,0.31080317,-0.39671543,-0.38424832,0.32962176,1,0,1,0,0,0,0
22933,1,Niigata University,0.36288589,1.2764685,0.81967717,0.93111861,0.89056933,0.75691235,0.84689069,0.91479903,0.79866838,0.78972673,0.42451081,0.89898449,0.66635537,,,,,,1,0,1,0,0,0,0
22968,0,Niigata University,0.092900425,0.52901208,0.31095627,0.73929739,0.82057679,0.60833645,0.78685623,0.73170668,0.79141062,0.81281352,0.88056237,0.67840141,0.80412477,0.16828565,0.25533625,-0.10220873,0.17496864,-0.069845304,1,0,1,0,0,0,0
22972,1,Okayama University,0.15059149,0.78439504,0.46749327,0.78779191,0.74677968,0.73419791,0.74278736,0.83457029,0.87266517,0.77780718,0.65707934,0.78718144,0.74528092,-0.000951426,0.48802525,-0.22280285,-0.13347767,-0.48534021,0,0,1,0,0,0,0
22993,1,Kanazawa University,0.42661223,-0.25678575,0.084913246,0.79869473,0.77519768,0.81422567,0.80403674,0.86387551,0.86534971,0.72623485,0.81454623,0.85520458,0.72086489,-0.60429275,-0.98475629,-0.19435707,-0.54258752,0.22367498,0,0,1,0,0,0,0
22994,1,Nagasaki University,-0.029672826,0.66648901,0.3184081,0.82365203,0.81126726,0.5717482,0.82437986,0.69654417,0.60533142,0.75408751,0.76130098,0.77028728,0.88289928,-0.26000059,0.026359256,-0.33826822,0.22081177,0.87831861,0,0,1,0,0,0,0
22995,1,Nagasaki University,-0.61124825,-0.44852981,-0.52988905,0.79870158,0.74971604,0.4157345,0.69150186,0.49637493,0.81479138,0.67030185,0.77311242,0.54271907,0.82876229,-0.67226386,-0.86730176,-0.47833109,-0.47996783,-0.43144083,1,0,1,0,0,0,0
23004,0,Ritsumeikan University,0.88030839,-0.58575034,0.14727904,0.9060995,0.87525862,0.87253207,0.86339253,0.90678626,0.87098068,0.80678517,0.89293808,0.8731463,0.73146385,,,,,,0,0,0,0,0,1,0
23012,1,Niigata University,-1.1863155,0.60363191,-0.29134178,0.43594933,0.6200186,0.55491406,0.52578497,0.43183476,0.74438238,0.6877746,0.68606037,0.61885536,0.79927099,0.089841329,,,,,0,0,1,0,0,0,0
23026,0,Mie University,0.1747154,0.50755984,0.34113762,0.84848994,0.82695204,0.77100927,0.76741582,0.85891348,0.57723737,0.6351791,0.74817026,0.8571741,0.85123557,,,,,,0,0,1,0,0,0,0
23029,0,Hiroshima University,-0.30422083,0.69380695,0.19479306,0.90431976,0.89274603,0.49665833,0.86701727,0.83856183,0.51883775,0.54244435,0.62114245,0.86931568,0.581626,,,,,,1,0,1,0,0,0,0
23045,1,Kanazawa University,0.5019179,-0.38146132,0.060228311,0.90111387,0.85920465,0.69776231,0.86826903,0.81488878,0.86479479,0.8231526,0.69668299,0.85043234,0.73507547,,,,,,1,0,1,0,0,0,0
23074,0,University College London,0.41183513,0.19564231,0.30373871,0.83168638,0.79473174,0.76942474,0.87138623,0.89778543,0.87208176,0.63284314,0.69481784,0.84390193,0.78594637,-0.46988547,0.60060942,-0.39650774,0.009918854,0.67873621,0,1,0,0,0,0,0
23080,1,Kyushu University,0.29742903,-1.2482727,-0.47542182,0.81435621,0.84473145,0.70881397,0.84091926,0.84351408,0.69830358,0.67097032,0.84873796,0.81092316,0.8105309,0.50512892,0.5980829,-0.1069851,0.4043189,0.36685374,1,0,1,0,0,0,0
23113,0,Ritsumeikan University,-0.19868822,-0.24110532,-0.21989676,0.78302854,0.85079336,0.71220863,0.81594849,0.78378683,0.58768666,0.37274161,0.88640612,0.68782705,0.83050239,,,,,,0,0,0,0,0,1,0
23115,1,Nagasaki University,0.17225082,0.55984622,0.36604851,0.64364493,0.6605919,0.85839117,0.69710314,0.89045799,0.86156553,0.76696825,0.65145695,0.79681683,0.89225012,,,,,,1,0,1,0,0,0,0
23119,1,Seinan Gakuin University,0.33970138,-0.48469996,-0.07249929,0.85953921,0.82107782,0.77177149,0.82543284,0.87957889,0.81635982,0.70862222,0.74544352,0.79779279,0.70677185,,,,,,0,0,0,0,0,1,0
23127,0,Kanazawa University,-0.4165864,-0.008802312,-0.21269435,0.70021385,0.76230514,0.44479796,0.7626251,0.71870446,0.69858265,0.70309579,0.80519199,0.65035105,0.77435207,0.90656954,0.12162461,-0.39535379,-0.16349453,0.38900137,0,0,1,0,0,0,0
23146,0,Otaru Shoka University,-0.17834625,1.4633337,0.64249372,0.59795296,0.67266846,0.65779394,0.51121175,0.78522986,0.74564594,0.80652755,0.93114656,0.68815982,0.91695988,,,,,,0,0,1,0,0,0,0
23162,1,Kanazawa University,0.35319039,0.57638752,0.46478897,0.7889446,0.88241464,0.58665299,0.86794287,0.77408969,0.81752455,0.69185716,0.83909053,0.76922685,0.91179025,-0.80952466,-0.59415472,-1.0283457,0.22129956,0.1271289,1,0,1,0,0,0,0
23175,1,Seinan Gakuin University,-0.048893664,0.71749693,0.33430165,0.67284286,0.7965672,0.68916202,0.82926339,0.89462489,0.76450473,0.62638378,0.53134644,0.85616422,0.7624262,-0.18205085,,,,,0,0,0,0,0,1,0
23205,1,Niigata University,-0.288443,-0.72136962,-0.5049063,0.59671384,0.86536062,0.40290597,0.65416765,0.82529002,0.75198597,0.62615401,0.76283878,0.77948463,0.83736217,0.13566594,0.26217234,-0.37699252,0.12242848,-0.092938781,0,0,1,0,0,0,0
23207,0,Tsukuba University,-0.035753228,-0.070729524,-0.053241376,0.72443169,0.66970402,0.86604375,0.76903623,0.91474569,0.81404144,0.64525044,0.68457478,0.75987709,0.64723992,0.78227872,0.55620354,0.047390483,-0.10046513,0.63071167,1,0,1,0,0,0,0
23221,1,Niigata University,0.36337602,-0.19532505,0.084025487,0.88030684,0.84963632,0.59809422,0.72177345,0.77427608,0.82345933,0.81868279,0.72751004,0.85265791,0.87053287,,,,,,1,0,1,0,0,0,0
23227,1,Shimane Prefectural University,0.66949856,-0.76260459,-0.046553027,0.89699417,0.79589206,0.76149142,0.81589073,0.83336043,0.88786632,0.83720082,0.85184902,0.83710927,0.81199026,,,,,,0,0,0,0,0,0,1
23234,1,Nagoya Gakuin University,0.27324441,-0.69959027,-0.21317294,0.70879394,0.79502231,0.74035162,0.56672633,0.843844,0.89338672,0.76644629,0.83926952,0.81940401,0.8426491,0.5058887,0.2638422,-0.46536741,-0.72661024,0.23102401,0,0,0,0,0,1,0
23245,1,Hokkai Gakuen University,0.3436985,0.21898909,0.28134379,0.81610304,0.88983375,0.59480625,0.79933578,0.81965268,0.89334434,0.67795151,0.81158,0.807235,0.7845915,,,,,,0,0,0,0,0,1,0
23265,1,Kyushu University,0.18812402,0.029941907,0.10903297,0.84595215,0.6347326,0.69538951,0.90657556,0.90738297,0.80981439,0.81377548,0.56017333,0.84535569,0.71962041,0.27446359,0.95780283,-0.064381793,0.11447857,-0.032457046,1,0,1,0,0,0,0
23274,0,Kagawa University,-1.0029374,1.3614061,0.17923433,0.43453053,0.69647968,0.49295455,0.47143894,0.81633562,0.48038879,0.74681568,0.65096754,0.77258915,0.73099941,,,,,,0,0,1,0,0,0,0
23276,0,Niigata University,0.90765393,-0.1767012,0.36547634,0.89898378,0.8706879,0.85903651,0.8661918,0.83593297,0.87700379,0.86473489,0.84252268,0.85700744,0.8583647,-0.063199244,0.33856738,-0.026347255,0.028356925,0.65762252,1,0,1,0,0,0,0
23278,1,Fukushima University,0.87412834,-0.48558164,0.19427337,0.90664947,0.88350588,0.88678712,0.88225961,0.90976262,0.83529502,0.80644834,0.77238446,0.8857559,0.81383389,0.099234805,-0.0614141,-0.70679832,0.012050295,0.32091913,0,0,1,0,0,0,0
23286,0,Niigata University,0.94515049,-0.29354537,0.32580256,0.89540815,0.86306441,0.86127865,0.85861415,0.84788388,0.87513202,0.87880248,0.9051578,0.82336122,0.87678009,0.33385107,0.51061738,-0.50735193,0.48215854,0.061430883,1,0,1,0,0,0,0
23287,1,Kanazawa Institute of Technology,-0.48024625,0.14648217,-0.16688204,0.79425007,0.56975114,0.5904991,0.86021554,0.69429922,0.77397752,0.58847743,0.63015807,0.6306091,0.82175273,,,,,,1,0,0,0,0,1,0
23289,0,Shinshu University,0.36082187,-0.309524,0.025648946,0.83476382,0.88258606,0.58976036,0.87617886,0.90565515,0.73915255,0.80226475,0.77958483,0.8051526,0.73235291,,,,,,1,0,1,0,0,0,0
23293,1,Niigata University,-0.22321087,0.91283405,0.34481159,0.70966661,0.45146948,0.59892344,0.73126739,0.65777284,0.79886729,0.8948189,0.78999156,0.7202813,0.9244647,,,,,,0,0,1,0,0,0,0
23295,1,Shigakukan University,-0.16938572,-0.15156488,-0.1604753,0.83636385,0.8682676,0.77289188,0.76423836,0.90598738,0.51324421,0.49100906,0.71921402,0.82961571,0.63254654,,,,,,0,0,0,0,0,1,0
23299,1,Tsukuba University,0.14649713,-0.33776367,-0.095633268,0.70004696,0.66373378,0.88616133,0.42583135,0.8566184,0.78568327,0.88396317,0.84131449,0.78097117,0.88114154,0.62197065,0.6687178,-0.22829187,0.80538023,-0.76702982,1,0,1,0,0,0,0
23313,1,Fukuoka Institute of Technology,-0.16903459,0.368963,0.099964209,0.83400226,0.76222545,0.4994356,0.47994173,0.7689603,0.79950923,0.65528631,0.76169813,0.80921048,0.86943889,,,,,,0,0,0,0,0,1,0
23332,1,Otaru Shoka University,-0.59357387,1.0096419,0.20803399,0.80838805,0.8190279,0.54512298,0.84574032,0.75643104,0.38926664,0.54742956,0.65650862,0.8817926,0.57394928,-0.2813375,0.071497917,-0.27218369,-0.098800927,0.11520548,0,0,1,0,0,0,0
23374,0,Ibaraki University,0.34428117,0.048281759,0.19628146,0.86805016,0.71506417,0.68241304,0.75320423,0.8794899,0.85270303,0.81107253,0.76244873,0.88239354,0.70684689,0.14862092,0.31114444,-0.23801628,-0.05924407,-0.30152455,0,0,1,0,0,0,0
23385,1,Hakodate Mirai University,0.27197108,1.1135557,0.69276339,0.82403952,0.69909066,0.7150197,0.82499963,0.66820323,0.87238801,0.69781566,0.86742353,0.77142113,0.92118651,-1.0104289,-0.65044272,-0.59888947,-0.74015307,-0.77990085,1,0,0,0,0,1,0
23387,0,Shinshu University,-0.13141513,-1.1580151,-0.64471513,0.77750075,0.64007288,0.70498955,0.65788954,0.83050901,0.74812001,0.71696615,0.75455052,0.80625629,0.72380012,0.31494543,0.35727894,-0.42052299,0.05310433,0.36856371,1,0,1,0,0,0,0
23397,0,Kanazawa Institute of Technology,-0.25919497,-0.24941704,-0.25430602,0.76557654,0.81436455,0.59493703,0.80959994,0.79826844,0.47734553,0.63791096,0.80778551,0.76264995,0.77228415,,,,,,0,0,0,0,0,1,0
23461,1,Hiroshima University,-0.30820715,0.71955532,0.20567408,0.68174505,0.82255429,0.49224526,0.748133,0.69121641,0.66320497,0.6692602,0.81608164,0.76188642,0.79649442,0.012340444,0.31633943,-0.099378511,0.10328581,0.3661001,1,0,1,0,0,0,0
23492,0,Fukuoka Women University,0.047921818,1.2740847,0.66100323,0.891038,0.85981369,0.50007176,0.88949656,0.78550792,0.72753441,0.45173284,0.78900081,0.85810757,0.78291118,0.038450047,0.22200087,-0.01823731,-0.21414188,0.75925833,1,0,0,0,0,0,1
23502,0,Hokkai Gakuen University,-0.75837356,-0.54958177,-0.65397769,0.77975243,0.87617564,0.43799189,0.83839291,0.87054539,0.67238933,0.72520137,0.44902816,0.52077079,0.43402916,0.078269191,-0.41522601,-0.22804801,-0.10905616,0.16231224,1,0,0,0,0,1,0
23510,0,Hokkaido University,-0.13695154,0.075871803,-0.030539863,0.86820233,0.83094913,0.70935583,0.88178796,0.78569591,0.65164179,0.70186716,0.49465728,0.75223756,0.69248199,,,,,,1,0,1,0,0,0,0
23514,1,Toyama University,0.12565726,0.17717281,0.15141504,0.76859552,0.67342126,0.78094441,0.77738893,0.82224143,0.79389596,0.82506812,0.70932251,0.74876702,0.79584259,0.13184008,0.72746348,,,,0,0,0,0,0,0,1
23518,0,Kyushu University,0.28125116,0.12547697,0.20336406,0.85223293,0.85005587,0.62745994,0.6261614,0.86151582,0.81285113,0.80153853,0.8583895,0.73265404,0.81459582,0.89603901,,,,,1,0,1,0,0,0,0
23521,0,Niigata University,0.37682432,-0.60455549,-0.11386558,0.72349715,0.81899196,0.86931187,0.76032239,0.8987239,0.81602675,0.87642628,0.61666054,0.78201646,0.81934804,0.41902691,0.13519403,,,,0,0,1,0,0,0,0
23555,0,Shinshu University,0.40245298,0.96112466,0.6817888,0.84825909,0.85259861,0.81818259,0.73197073,0.88772422,0.78050679,0.72182477,0.87418461,0.66722423,0.84854168,0.35923678,0.4235014,-0.35400057,0.11102801,-0.10916334,0,0,1,0,0,0,0
23559,0,Matsuyama Shinonome Women University,0.13161644,-0.74074978,-0.30456665,0.81423533,0.88851196,0.80992073,0.72295344,0.9089635,0.75705242,0.54499578,0.86075854,0.72320026,0.66055357,,,,,,0,0,0,0,0,1,0
23560,0,Kanazawa University,0.10664759,-0.17754047,-0.035446435,0.87094355,0.77061307,0.67127287,0.61995798,0.79904127,0.88886398,0.82021379,0.65324777,0.71913671,0.80338162,,,,,,0,0,1,0,0,0,0
23561,1,Tsukuba University,-0.69634479,0.38968259,-0.1533311,0.68965286,0.53401256,0.57174248,0.80202508,0.5866912,0.7982986,0.53293067,0.84900796,0.70368326,0.64250851,,,,,,1,0,1,0,0,0,0
23573,0,Kanazawa University,-0.56898409,-0.1298437,-0.3494139,0.89555025,0.86424869,0.6843518,0.72804666,0.80948776,0.57200414,0.27098113,0.84990162,0.66697371,0.51728117,0.11532901,0.46579307,0.3488324,0.34106848,-0.17812704,0,0,1,0,0,0,0
23592,1,Nagasaki University,0.5185551,0.15764505,0.33810008,0.89282244,0.87301582,0.87619913,0.81657869,0.87153935,0.59559327,0.80263704,0.78663856,0.87083775,0.8025409,0.35261273,0.4161506,0.078357838,-0.045166858,0.094707012,0,0,1,0,0,0,0
23596,1,Niigata University,-0.64576364,0.0902889,-0.27773735,0.83066833,0.83134884,0.50743741,0.77976131,0.61928225,0.63022584,0.62773591,0.71147823,0.53572029,0.70148551,-0.90550703,-0.4798122,-0.60998577,0.17169639,0.010841563,0,0,1,0,0,0,0
23606,0,Niigata University,0.50079978,-1.2754883,-0.38734424,0.850878,0.8425597,0.81555533,0.75836629,0.85503268,0.83273822,0.74798965,0.84059048,0.75441408,0.8369475,-0.089114442,0.98025286,-0.44875255,-0.19242811,0.70491642,0,0,1,0,0,0,0
23615,0,Miyazaki Prefectural University,-1.5391555,0.22153646,-0.65880954,0.34962177,0.33578467,0.48926684,0.23371707,0.53084397,0.58947802,0.7281515,0.88173002,0.64660382,0.89527881,,,,,,0,0,1,0,0,0,0
23619,1,Nanzan University,0.37921792,0.02845902,0.20383847,0.84244061,0.8707881,0.71661043,0.86815923,0.75269359,0.78482091,0.62265426,0.79713947,0.84897113,0.86676377,0.2526522,0.096946023,-0.75565505,0.52780718,-0.28497106,0,0,0,0,0,1,0
23643,1,Nagasaki University,-1.1767143,-0.039800119,-0.60825723,0.46849999,0.58657068,0.79847622,0.42806268,0.24007566,0.80507934,0.78884,0.68287337,0.52717656,0.84602898,0.36739132,0.59073257,-0.54313225,0.75204337,0.62527162,0,0,1,0,0,0,0
23658,0,Chukyo University,-0.64307696,-1.6513451,-1.1472111,0.693775,0.64909661,0.64707941,0.65544355,0.70645374,0.69626081,0.67544818,0.68450701,0.70085698,0.65377426,,,,,,0,0,0,0,0,1,0
23677,0,Sapporo University,0.27232051,-0.18604942,0.043135546,0.71353626,0.68096286,0.79817414,0.60988545,0.8558079,0.92339092,0.74085653,0.87969637,0.75406814,0.882429,,,,,,0,0,0,0,0,1,0
23678,1,Kyushu University,0.34955731,-0.085926466,0.13181543,0.77829713,0.84989667,0.82787454,0.5999977,0.81908894,0.88452733,0.73630375,0.79028696,0.75290072,0.88576734,,,,,,1,0,1,0,0,0,0
23683,1,Kyushu University,-0.43679318,-0.53971881,-0.48825601,0.81317252,0.72720784,0.59661317,0.67729735,0.63467795,0.83708131,0.61671865,0.69555092,0.55100328,0.84246761,,,,,,1,0,1,0,0,0,0
23712,0,Okayama University,-0.31180248,-0.68973374,-0.50076813,0.80260992,0.75526589,0.82589662,0.68713874,0.71475393,0.69941753,0.687536,0.76445448,0.56782186,0.70463359,,,,,,0,0,1,0,0,0,0
23720,0,Otaru Shoka University,-0.72355974,0.79135537,0.033897817,0.74307275,0.82992101,0.59427911,0.76824141,0.87898779,0.62282336,0.33163306,0.75036365,0.74679047,0.37860793,,,,,,0,0,1,0,0,0,0
23722,0,Hiroshima Prefectural University,0.78386378,-1.2778641,-0.24700013,0.86224753,0.83274603,0.72298598,0.87310368,0.88244957,0.73833239,0.88418537,0.9138974,0.88464278,0.88712531,0.45532799,0.26256725,-0.51919711,0.67185456,0.21719918,0,0,0,0,0,0,1
23745,1,Otaru Shoka University,0.53542066,-0.14520288,0.19510888,0.87588656,0.86299723,0.76387143,0.75329292,0.8746025,0.90678632,0.74831855,0.68565893,0.87080032,0.78376174,,,,,,0,0,1,0,0,0,0
23761,0,Niigata University,0.027565915,1.1692362,0.59840101,0.74207032,0.72938895,0.48519221,0.69748735,0.80100799,0.74684805,0.78469747,0.85864794,0.79538691,0.88534582,0.058321871,0.20306428,-0.8450616,,,0,0,1,0,0,0,0
23785,0,Otaru Shoka University,-0.047026306,0.036080945,-0.005472681,0.86705863,0.76129949,0.68950027,0.77805942,0.64049488,0.79806268,0.61068374,0.75043511,0.75943309,0.81258422,0.15654548,0.26301053,-0.27933252,-0.064840235,0.17285641,1,0,1,0,0,0,0
23786,0,Kanazawa University,-0.8818084,0.028601253,-0.42660359,0.45577818,0.43181148,0.8229838,0.4225671,0.83138126,0.80830145,0.73781019,0.61148733,0.50815243,0.84835088,,,,,,0,0,1,0,0,0,0
23815,1,Kaya Athletic University,0.46863812,-0.26214418,0.10324697,0.87969971,0.88360977,0.76145005,0.89427269,0.92053211,0.7680527,0.80225098,0.58814394,0.84739745,0.73139685,,,,,,1,0,0,0,1,0,0
23841,1,Tsukuba University,0.58117402,-0.4095481,0.085812949,0.91364378,0.81126916,0.77074546,0.86334503,0.80844313,0.82783115,0.79610103,0.83186674,0.86250472,0.74935812,-0.2117545,0.86628169,-1.2276495,0.46248937,1.3219293,0,0,1,0,0,0,0
23888,1,Kagoshima University,-0.31686661,0.4512094,0.067171402,0.68739808,0.79171008,0.52828395,0.79288882,0.74612451,0.7728371,0.63262486,0.69287801,0.7701053,0.69925016,-0.75371075,-0.37553549,-0.46428436,-0.9235056,0.51215184,0,0,1,0,0,0,0
24198,0,Ritsumeikan Asia-Pasific University,0.13624384,0.28695518,0.2115995,0.85093635,0.8222056,0.58048123,0.80595398,0.7643643,0.66988093,0.70827287,0.80563211,0.84648836,0.82381499,-1.0180334,-0.003013632,-0.097014099,-0.18727109,-0.44307038,0,0,0,0,0,1,0
24200,0,Ritsumeikan Asia-Pasific University,-0.89604324,0.029506069,-0.43326858,0.48999691,0.67827559,0.51694876,0.40372512,0.29504612,0.87291962,0.76975805,0.90924007,0.62814915,0.88129252,0.16051701,-0.154186,,,,0,0,0,0,0,1,0
24302,0,Aichi University,0.49476498,-1.1703731,-0.33780405,0.8454172,0.75550938,0.7954247,0.73362654,0.85661602,0.78898972,0.88131183,0.83707875,0.85214269,0.78601778,,,,,,0,0,0,0,0,1,0
24338,1,Fukui Prefectural University,0.007131054,0.72043449,0.36378276,0.79714322,0.79176414,0.63097465,0.84077823,0.80838895,0.78877831,0.56531721,0.8175469,0.71698403,0.7697016,0.49686408,0.54817331,-0.34330702,0.37149048,-0.2434863,0,0,0,0,0,0,1
24376,1,Nakamura Gakuen University,0.52760059,0.23292625,0.38026339,0.86028814,0.7677902,0.77137303,0.82994515,0.87701607,0.73255533,0.83880121,0.81988835,0.83846557,0.84180725,-0.99001169,0.42988819,-0.40733978,-0.60663569,0.081313588,0,0,0,0,0,1,0
24378,0,Kinjo Gakuin University,-1.204053,0.10391498,-0.55006903,0.711317,0.56725359,0.44280511,0.67577833,0.85677963,0.54275191,0.65625322,0.37452382,0.7497474,0.46599793,0.55206418,0.60414267,-0.63605529,-0.097850598,0.54135728,0,0,0,0,0,1,0
24507,1,Kanazawa University,0.88199598,-0.008204782,0.43689561,0.89546698,0.87113237,0.80571026,0.8667677,0.90512431,0.87212586,0.81168908,0.83370298,0.86287588,0.85561496,,,,,,1,0,1,0,0,0,0
24551,1,Niigata University,0.46652928,0.76531357,0.61592144,0.88886786,0.77579385,0.7920506,0.81599712,0.78467888,0.8148824,0.73131782,0.75660455,0.84094757,0.8835482,1.2737722,0.70946854,-1.0378726,0.035089914,0.24900974,1,0,1,0,0,0,0
24585,1,Simonoseki City University,-0.10523109,0.78344887,0.33910888,0.84606552,0.85616422,0.75137061,0.86701548,0.90318006,0.58956593,0.64133626,0.60701722,0.88543612,0.46367216,-0.70226991,0.14954698,0.18394153,0.69329107,0.77693957,0,0,0,0,0,0,1
24723,0,Tsukuba University,0.75812095,-0.15110871,0.30350611,0.89555329,0.87146717,0.68779951,0.87109905,0.8940568,0.78737313,0.87190133,0.89709353,0.87474424,0.78757441,0.52994573,0.6725477,-0.59418869,0.076253064,0.42943081,1,0,1,0,0,0,0
24822,0,Ritsumeikan University,0.30042544,0.79761308,0.54901922,0.70784622,0.81968528,0.65320247,0.74521035,0.78273642,0.7954706,0.79224956,0.90914637,0.83451605,0.83933133,0.37348861,0.38855922,-0.33930498,0.42944899,0.16154411,1,0,0,0,0,1,0
24850,1,Kagawa University,-0.022688793,0.64455348,0.31093234,0.57785696,0.64425331,0.69285333,0.8081032,0.78901207,0.77664012,0.80290806,0.83293742,0.7220633,0.87778103,-0.10699952,0.55341309,-0.033163846,-0.12770553,0.043987151,1,0,1,0,0,0,0
24881,0,Niigata University,-0.84075165,1.2366971,0.19797271,0.7499333,0.65256834,0.4362298,0.63830125,0.50121844,0.60935593,0.73385537,0.69120514,0.76641411,0.7309258,0.10138673,0.38858068,-0.48332632,0.41671154,0.39569452,1,0,1,0,0,0,0
26007,1,Kanazawa University,-0.5006637,0.17825221,-0.16120572,0.72633195,0.64393657,0.83581632,0.83875489,0.78155428,0.63954914,0.69087535,0.54430264,0.60203427,0.68327302,,,,,,1,0,1,0,0,0,0
26391,0,Tohoku University,-0.14388724,-0.33160776,-0.23774749,0.80402541,0.64240563,0.6882568,0.79062295,0.6053049,0.77151096,0.63490725,0.87095433,0.7136851,0.86190486,,,,,,1,0,1,0,0,0,0
26507,1,Shimane University,0.67276007,-1.3823816,-0.35481074,0.89910877,0.87364483,0.70041955,0.88112563,0.85252154,0.81618023,0.85674047,0.80013591,0.86963558,0.77956396,0.53963745,0.47845319,-0.37937066,0.54551178,0.39730561,1,0,1,0,0,0,0
26771,0,Niigata University,-0.25387961,0.59070146,0.16841093,0.79223752,0.76828778,0.67014331,0.73973876,0.74326497,0.65291083,0.68958056,0.83358872,0.58580261,0.78750563,0.15078999,0.29716107,-0.30744722,-0.51402736,0.21802065,0,0,1,0,0,0,0
26788,0,Shujitu University,0.069457658,0.48305568,0.27625665,0.82364309,0.69412714,0.55309862,0.78387392,0.86984193,0.86482894,0.75905818,0.75031853,0.61402613,0.87562853,0.81598145,-0.21357217,-0.51178992,-0.12522689,-0.12328399,0,0,0,0,0,1,0
27023,0,Seinan Gakuin University,0.88484013,-0.74661088,0.069114625,0.89830697,0.87360567,0.75134861,0.8713392,0.86205989,0.80960035,0.87787265,0.89401871,0.88183671,0.87504697,0.67901516,0.5328626,-0.073276877,0.53772551,-0.28011963,0,0,0,0,0,1,0
28280,0,Seinan Gakuin University,0.084361017,-0.14536683,-0.030502906,0.82269245,0.74130315,0.54628581,0.87219727,0.81527662,0.74536186,0.66435266,0.86206818,0.73533946,0.81985378,,,,,,0,0,0,0,0,1,0
28508,0,Iwate University,0.52122366,-0.28053626,0.1203437,0.90350866,0.86753947,0.62675428,0.86285883,0.90028912,0.72502899,0.80343139,0.83553296,0.85771298,0.76154625,-0.37489766,0.47562376,-0.85277337,-0.30156642,-0.12964067,0,0,1,0,0,0,0
29139,1,Hokkai Gakuen University,0.033971798,0.35333318,0.19365248,0.57725453,0.77229333,0.76272911,0.75655383,0.78110284,0.8113547,0.8542363,0.7540791,0.75109631,0.7644977,0.22621417,0.63907033,-1.1803505,0.35764447,0.69925004,0,0,0,0,0,1,0
29430,1,St Andrews,0.56168646,0.41224802,0.48696724,0.77997684,0.84552956,0.86356872,0.73854309,0.8955006,0.8162753,0.82106501,0.79033828,0.7705524,0.8874622,,,,,,0,1,0,0,0,0,0
30400,0,Hakodate Mirai University,-1.1012745,0.47839633,-0.3114391,0.31585103,0.21169312,0.46231607,0.71243268,0.83883387,0.49080247,0.76428664,0.83388937,0.75532675,0.8517521,,,,,,1,0,0,0,0,1,0
31165,0,Takasaki Economic University,0.33696288,0.99796551,0.6674642,0.76936066,0.74887419,0.42659613,0.8561849,0.84191066,0.82004285,0.83302206,0.90521228,0.87397647,0.81708568,,,,,,1,0,0,0,0,0,1
31390,1,Fukuoka Institute of Technology,0.80487531,-1.6204634,-0.40779403,0.90259397,0.85398471,0.86843199,0.85012299,0.88522381,0.84219056,0.77124166,0.85885137,0.82310212,0.85205346,,,,,,0,0,0,0,0,1,0
31415,0,Nanzan University,0.79506558,0.051557843,0.42331171,0.91593868,0.90415084,0.87461531,0.90005064,0.87434465,0.86114156,0.86042154,0.7684226,0.89927697,0.63910776,-0.065378532,0.6951862,-0.2090539,-0.36133206,0.21428238,0,0,0,0,0,1,0
31462,0,Fukuoka University,0.73999369,0.24134007,0.4906669,0.88592201,0.8768217,0.65565044,0.92015791,0.93723226,0.77447349,0.90672636,0.75650787,0.91706556,0.76876354,0.54087216,0.39382464,-1.0481614,-0.40221131,-0.37908462,0,0,0,0,0,1,0
31485,0,Seinan Gakuin University,-0.63407856,-0.42411351,-0.52909607,0.55863351,0.65919018,0.7534402,0.37118489,0.71970981,0.87280852,0.70807719,0.68438691,0.60727119,0.80488431,-0.5849666,-0.36845115,-0.23017783,-0.10244271,-0.081468925,1,0,0,0,0,1,0
31496,1,Takasaki Economic University,0.66717184,0.28545818,0.47631502,0.91924626,0.88434017,0.88328093,0.87914938,0.81778067,0.89358401,0.88145083,0.65183395,0.8334161,0.69602841,,,,,,1,0,0,0,0,0,1
31548,1,Takasaki Economic University,0.027437227,1.2378733,0.63265526,0.79904771,0.80368167,0.55656576,0.75172371,0.74928689,0.84771955,0.63683796,0.84747279,0.74234951,0.79430783,0.47288805,,,,,1,0,0,0,0,0,1
31674,1,Iwate Prefectural University,0.073546842,0.81920618,0.4463765,0.77040207,0.8291871,0.70243067,0.61509395,0.88953996,0.76030254,0.61101788,0.8662017,0.83232164,0.70801544,0.98303401,0.018044267,-0.42159793,-0.04005317,0.17046641,0,0,0,0,0,0,1
31817,1,Ehime University,-0.39355126,-1.8888595,-1.1412054,0.73175997,0.70046264,0.70336956,0.69935733,0.722112,0.68931103,0.70539904,0.72920465,0.69263512,0.70447159,0.62044835,-0.58053929,0.50703001,0.16460499,-0.59269857,0,0,1,0,0,0,0
32007,1,Hirosaki University,-0.14334209,-0.20799732,-0.17566971,0.84977704,0.77386862,0.84206659,0.81407303,0.78336912,0.78233933,0.7416361,0.45440793,0.84365284,0.47369581,,,,,,0,0,1,0,0,0,0
33715,0,Hokkaido University,1.0674466,-0.45360529,0.30692065,0.90909517,0.89121193,0.87553585,0.88898265,0.90616769,0.88496459,0.87798911,0.87222159,0.8862263,0.82855624,-0.41717994,0.89409435,-0.80667657,-0.54511523,0.92999697,0,0,1,0,0,0,0
33719,0,Shizuoka University,0.011240346,0.49301118,0.25212577,0.6752305,0.56413347,0.76451117,0.56640673,0.84277141,0.81438482,0.8716439,0.89837557,0.68445551,0.87792456,0.2807999,0.43485716,-0.24048154,-0.50231344,0.15494919,0,0,1,0,0,0,0
34028,1,Nagasaki Prefectural University,0.14981562,-0.52794999,-0.18906718,0.82630712,0.82095081,0.77802002,0.81106216,0.76536328,0.76269275,0.51076382,0.72086978,0.85598451,0.83669555,0.22068858,-0.21818464,0.048271514,0.21008579,-0.30867532,1,0,0,0,0,0,1
34378,1,Kyushu University,0.4386718,0.071190715,0.25493127,0.90849715,0.88760573,0.6589092,0.8888973,0.78450274,0.81656188,0.77300227,0.72496426,0.77450746,0.82599801,,,,,,1,0,1,0,0,0,0
34541,1,Ehime University,-0.768062,0.21135265,-0.27835467,0.6105032,0.6592899,0.65162963,0.69535273,0.67361146,0.63057649,0.77819896,0.60208267,0.59400922,0.7442137,0.33060253,0.51475543,-0.39792013,-0.36675644,0.082227074,1,0,1,0,0,0,0
34573,1,Chukyo University,-0.083317563,-0.4728913,-0.27810442,0.68168318,0.74159431,0.69275832,0.50758809,0.76842576,0.87819773,0.82311201,0.67427248,0.72850168,0.88682032,,,,,,0,0,0,0,0,1,0
34708,0,Niigata University,0.120691,0.21931258,0.17000179,0.66702163,0.72471648,0.73930103,0.56660527,0.7917614,0.84151775,0.88983309,0.87888271,0.6846661,0.89312726,0.07388176,-0.069434784,-0.055181626,0.25661165,0.26361087,0,0,1,0,0,0,0
35051,1,College,0.99031174,-1.4976828,-0.25368553,0.86637515,0.90538013,0.87078124,0.9116537,0.9288516,0.91194731,0.85860354,0.72535521,0.90161526,0.8255018,0.52201712,0.63166374,0.1010314,-0.46583542,-0.037263229,1,0,0,0,1,0,0
36077,0,Chukyo University,-0.2176069,0.51968259,0.15103783,0.70477659,0.6364404,0.70163763,0.77065796,0.82257342,0.70293832,0.6634497,0.81917155,0.78114259,0.68251592,0.27275932,0.55019778,,,,0,0,0,0,0,1,0
36495,1,Saga University,0.14049546,0.74913907,0.44481727,0.76282704,0.80038708,0.66574991,0.85377359,0.88240421,0.76992953,0.64561349,0.60090262,0.82891774,0.84587401,0.52143419,0.008083551,-0.60024184,,,1,0,1,0,0,0,0
37821,1,Aichi Prefectural University,0.49829316,0.20938385,0.3538385,0.8947764,0.88278311,0.68624282,0.85826975,0.89940441,0.84422779,0.82458711,0.67915541,0.76054758,0.77677095,,,,,,1,0,0,0,0,0,1
38213,1,Kansai Gakuin University,-0.082458764,0.84905601,0.38329861,0.63244689,0.78914899,0.65292406,0.69585544,0.60771072,0.78447181,0.83922577,0.88291991,0.68971092,0.87688112,0.7592147,0.81012917,-0.47103843,0.49175063,0.21484175,0,0,0,0,0,1,0
38357,0,Sophia University,0.22804832,-0.2144599,0.006794216,0.73244512,0.84665734,0.86574799,0.72721201,0.88208121,0.79783219,0.84586751,0.70263463,0.84854174,0.56297457,0.38170245,1.1626612,-0.73871821,-0.58176672,-0.93523896,0,0,0,0,0,1,0
38392,0,Akita University,-0.039274458,-0.19589701,-0.11758574,0.81772161,0.70248097,0.84820062,0.65226442,0.80695754,0.78384215,0.67382872,0.77096671,0.65256953,0.79370165,0.46569055,0.057456639,-0.46532387,0.68575352,-0.26699084,1,0,1,0,0,0,0
38531,1,Seinan Gakuin University,1.0157665,-1.6828665,-0.33354995,0.88491291,0.8693459,0.87050474,0.87795246,0.8952834,0.8668552,0.86717784,0.888569,0.87516427,0.86615795,0.22545542,,,,,0,0,0,0,0,1,0
41744,1,Hokkaido University,0.51698172,-1.0596085,-0.27131337,0.90158558,0.85312057,0.72580475,0.88266355,0.84724253,0.74531823,0.77844977,0.79326785,0.82225263,0.80656409,0.73316687,0.19065776,-0.15892757,-0.56197309,0.75309366,1,0,1,0,0,0,0
42265,0,Fukuoka University,0.16595574,0.063373305,0.11466452,0.65530473,0.84550834,0.67758822,0.59682715,0.82975328,0.78040022,0.73963714,0.85759413,0.8628332,0.84353524,,,,,,0,0,0,0,0,1,0
42546,1,Nagoya Gakuin University,-0.48432031,0.46211722,-0.011101547,0.6665287,0.79165661,0.80707884,0.30297431,0.82463586,0.59447753,0.79989243,0.88044631,0.57939863,0.73021442,0.56357348,0.45591208,-0.25131661,0.070586324,0.59651977,1,0,0,0,0,1,0
42864,1,Otaru Shoka University,0.002195674,1.3751023,0.688649,0.87954849,0.81090194,0.50071883,0.875714,0.81134975,0.83272254,0.73953533,0.51630324,0.87552023,0.62384689,0.3398447,0.76576018,-0.49569646,0.95989621,0.15871044,1,0,1,0,0,0,0
42972,0,Gunma Prefectural Women University,-0.36477533,0.7184934,0.17685904,0.74025297,0.8286072,0.79626012,0.47035831,0.83569217,0.7561785,0.77133304,0.63547713,0.74786454,0.49343193,0.25358838,0.58221281,-0.23061894,0.41878957,0.27813914,1,0,0,0,0,0,1
43101,1,Ritsumeikan Asia-Pasific University,0.647407,-1.236608,-0.29460052,0.89720547,0.8245461,0.87327707,0.81735212,0.90512168,0.7762329,0.74319768,0.86917675,0.76379067,0.86163282,,,,,,1,0,0,0,0,1,0
43289,0,None,0.3445439,0.079122819,0.21183336,0.7294814,0.77697504,0.9103713,0.54871845,0.92922223,0.78316754,0.77159053,0.86443084,0.83316302,0.79324752,,,,,,0,0,0,1,0,0,0
43342,1,Fukuoka Institute of Technology,0.27627665,-0.27446848,0.000904086,0.81548315,0.82516366,0.69124448,0.82506496,0.91259211,0.78352928,0.81686544,0.55270052,0.88620698,0.71317148,,,,,,0,0,0,0,0,1,0
43423,1,Kanazawa Institute of Technology,-0.7667647,-1.6128955,-1.1898301,0.70087987,0.67522347,0.6511271,0.71367097,0.71547163,0.62274343,0.68560576,0.67831665,0.68537998,0.5114215,0.43117425,0.75753546,-0.74432802,0.44344789,0.68371201,0,0,0,0,0,1,0
43456,1,Saga University,0.76056409,-0.46800295,0.14628056,0.88289291,0.80320328,0.88505924,0.85503346,0.870929,0.85011476,0.79215991,0.82336038,0.88685781,0.80346954,,,,,,1,0,1,0,0,0,0
43732,1,Tohoku University,-0.40685219,0.16478433,-0.12103394,0.72013283,0.5768078,0.85225213,0.77246875,0.64755476,0.69690603,0.48261151,0.82798392,0.64142644,0.87877411,,,,,,1,0,1,0,0,0,0
43835,0,Okinawa International University,1.0776315,0.04009993,0.55886567,0.92065758,0.90089196,0.89382452,0.81291455,0.85481071,0.90322751,0.86172223,0.91103041,0.86677021,0.90383315,,,,,,0,0,0,0,0,1,0
44236,0,Niigata University,0.13646501,0.70278347,0.41962424,0.72478455,0.77489299,0.86269808,0.57404637,0.77020657,0.82091832,0.82064605,0.75367528,0.76979208,0.8220765,,,,,,1,0,1,0,0,0,0
44460,0,Miyagi University,0.30187887,-0.32718536,-0.012653249,0.82155263,0.8458609,0.8378343,0.7607916,0.82179344,0.70150417,0.77405918,0.83352107,0.77563447,0.75231147,,,,,,1,0,0,0,0,0,1
44577,0,Tohoku University,1.1585242,-0.51692617,0.32079899,0.90825969,0.89385092,0.87638515,0.88225925,0.90640545,0.88464785,0.88613117,0.91578084,0.88517612,0.89221191,,,,,,0,0,1,0,0,0,0
44579,1,Miyagi University,-0.078506082,0.9969697,0.45923182,0.88734585,0.86031854,0.80137408,0.84904778,0.82164216,0.74624598,0.79001468,0.48291609,0.7765525,0.43327481,,,,,,1,0,0,0,0,0,1
44762,1,Ritsumeikan Asia-Pasific University,0.2831049,0.29000488,0.28655487,0.8234244,0.60214555,0.83375633,0.73644221,0.90339029,0.82894605,0.79610717,0.76317239,0.86932689,0.71463174,-0.35572281,-0.74766678,0.11568463,-0.078886956,-0.23989666,0,0,0,0,0,1,0
44780,1,Fukuoka University,-0.28801271,0.59451336,0.15325034,0.69061083,0.72927803,0.52358353,0.76102626,0.64243627,0.72179562,0.8133046,0.80883259,0.71571451,0.78520018,0.12949552,0.32437721,,,,0,0,0,0,0,1,0
44914,0,Ritsumeikan Asia-Pasific University,0.51137775,0.20786078,0.35961926,0.81175655,0.77210259,0.7532149,0.80877995,0.86395305,0.8775515,0.86741716,0.80386949,0.80690217,0.77659452,,,,,,0,0,0,0,0,1,0
44942,0,Seinan Gakuin University,0.42610461,0.2222636,0.32418409,0.85755956,0.77558815,0.82347101,0.82170498,0.90934092,0.83880925,0.70877832,0.73152125,0.75628835,0.81614596,,,,,,0,0,0,0,0,1,0
45124,0,Aichi Shukutoku University,0.31670424,1.1938088,0.75525653,0.72984737,0.69913614,0.8507418,0.53950977,0.85202152,0.83975607,0.78869593,0.89118296,0.86678421,0.83812338,0.78552848,,,,,0,0,0,0,0,1,0
45440,1,Nagoya Foreign Language University,0.56743103,-1.5726376,-0.50260323,0.85074711,0.88116211,0.8656584,0.80787408,0.78226304,0.87192124,0.81924993,0.73855722,0.73678738,0.86922735,,,,,,0,0,0,0,0,1,0
45579,1,Ritsumeikan University,0.1541844,1.0188632,0.58652377,0.87890583,0.76896667,0.78087318,0.83210993,0.70452148,0.80962712,0.66907448,0.83305663,0.68672717,0.78299564,,,,,,0,0,0,0,0,1,0
45766,0,Seinan Gakuin University,-0.074860707,0.94730425,0.43622175,0.7407825,0.82620406,0.57856846,0.59686852,0.72710937,0.85286915,0.74001551,0.71384186,0.75865489,0.84723115,-0.14583956,-0.068704367,-0.42790622,-0.11375415,0.36506736,0,0,0,0,0,1,0
46094,1,Fukuyama University,0.046423063,-0.069233224,-0.011405081,0.70735747,0.85557848,0.8043192,0.78527802,0.78830481,0.79596245,0.63794923,0.85994786,0.76980305,0.60190982,0.22941199,0.64112484,-0.49427769,-0.24968813,0.4230051,1,0,0,0,0,1,0
46234,1,Ritsumeikan Asia-Pasific University,0.5953396,1.1112335,0.8532865,0.82717711,0.75429422,0.84696162,0.87290061,0.91120183,0.8895942,0.73781484,0.8012293,0.84819973,0.75666684,,,,,,0,0,0,0,0,1,0
46330,1,Kyushu University,1.00E-05,0.30960879,0.15480942,0.70007467,0.72537911,0.71557963,0.76152784,0.79784387,0.76497573,0.81021655,0.63572437,0.78578377,0.82392234,0.46800351,0.21871185,0.053285923,-0.000681915,-0.29542825,1,0,1,0,0,0,0
46335,0,Nagasaki Foreign Language University,0.077391155,0.25884119,0.16811617,0.71637172,0.81796306,0.6091339,0.67137474,0.79674387,0.77624208,0.8781566,0.81392366,0.69049823,0.84363616,,,,,,1,0,0,0,0,1,0
46486,0,Tohoku Gakuin University,0.43653783,-0.21537232,0.11058276,0.67551267,0.68284428,0.77972478,0.73938531,0.89761376,0.83268344,0.87460649,0.90800834,0.79438549,0.88028497,,,,,,0,0,0,0,0,1,0
46488,0,Toyama University,0.53060007,0.53678262,0.53369135,0.83442801,0.86552262,0.67686576,0.84156531,0.81087029,0.86375093,0.81685168,0.80141592,0.82508051,0.81264758,0.1177137,0.94108415,-0.75023389,0.5695653,-0.004118556,0,0,0,0,0,0,1
46546,0,Ritsumeikan Asia-Pasific University,0.7446323,-0.96458268,-0.10997517,0.89135182,0.88969082,0.86403573,0.89280778,0.9220261,0.84151453,0.83299524,0.73402148,0.89565074,0.66364604,0.001389394,0.35008633,-0.11558782,0.15441379,0.23593427,1,0,0,0,0,1,0
46769,1,Ryukyu University,0.51489741,-0.33120525,0.091846094,0.84489685,0.78140163,0.73647302,0.82077646,0.89994699,0.72956151,0.8317197,0.80850124,0.83012354,0.8683598,,,,,,0,0,1,0,0,0,0
46885,0,Kumamoto Gakuen University,0.62833703,-0.27016968,0.17908366,0.86801344,0.84409618,0.7713896,0.8431958,0.90134823,0.83034736,0.78751236,0.78978586,0.88828522,0.74767739,-0.70718396,-0.62298304,-0.42802688,-0.31925184,-0.25705525,0,0,0,0,0,1,0
47135,1,Kurume University,0.61944634,-0.87953568,-0.13004467,0.86107451,0.72385222,0.8057403,0.87145412,0.85551471,0.81672102,0.80775315,0.91116321,0.82222468,0.82503778,,,,,,0,0,0,0,0,1,0
47307,1,Kurume University,0.10358669,0.80390334,0.45374501,0.80552506,0.84780622,0.61253452,0.79685187,0.72486514,0.78383905,0.75758594,0.74081439,0.74883598,0.82122201,0.009577603,0.24877454,0.26158795,-0.19245067,0.48736989,0,0,0,0,0,1,0
47376,0,Nanzan University,-0.48608685,0.16361651,-0.16123517,0.79574496,0.60943174,0.53861314,0.82766348,0.77889103,0.65918845,0.5240618,0.71717209,0.73404849,0.75046164,,,,,,1,0,0,0,0,1,0
48132,0,Beppu University,0.63494039,-0.28540832,0.17476605,0.78136057,0.82440388,0.87989163,0.80781245,0.89915872,0.87706614,0.75297546,0.85198498,0.87742662,0.74182314,,,,,,0,0,0,0,0,1,0
48167,0,Hiroshima University,-0.61123294,0.44452164,-0.08335565,0.70219249,0.76079828,0.60249525,0.55104029,0.8188026,0.77294338,0.56188107,0.78181309,0.55130422,0.67184472,-0.27305999,,,,,0,0,1,0,0,0,0
48619,1,Ritsumeikan Asia-Pasific University,0.32809412,0.065770589,0.19693236,0.86278301,0.82048374,0.82010394,0.81037146,0.82717013,0.72412622,0.78016227,0.82285732,0.70709378,0.78805053,-0.348452,-0.67850304,-0.57693481,0.058564488,0.47380275,0,0,0,0,0,1,0
72974,1,Kyushu International University,-0.92426527,0.54876685,-0.18774919,0.73008531,0.75925565,0.58318144,0.75491059,0.73801386,0.82550186,0.3006945,0.52274704,0.58636874,0.57291764,,,,,,0,0,0,0,0,1,0
73343,0,Tohoku Art University,-1.4262989,-1.226197,-1.3262479,0.66353178,0.60983557,0.61761701,0.54088247,0.61636829,0.62523252,0.57651281,0.54223436,0.58314931,0.45454547,,,,,,0,0,0,0,0,1,0
73355,0,Tohoku Art University,-0.22463085,0.29701573,0.036192432,0.88479429,0.80721807,0.80092019,0.79666048,0.74765444,0.80502206,0.64359081,0.53446937,0.68889815,0.55766743,,,,,,0,0,0,0,0,1,0
73469,0,Kumamoto Prefectural University,-0.78375983,1.4628391,0.33953965,0.51827639,0.62006527,0.50787926,0.77505237,0.68488657,0.68609768,0.48751205,0.83768946,0.65058768,0.82103115,0.10837507,0.51246935,0.052944265,,,0,0,0,0,0,0,1
73597,1,Toyohashi Institute of Technology,-0.56617922,-1.252378,-0.90927863,0.76878554,0.7011162,0.72382689,0.71451247,0.79555267,0.67191267,0.64937454,0.33034986,0.74053586,0.72466159,,,,,,0,0,1,0,0,0,0
73660,0,None,0.9406665,-1.2203462,-0.13983984,0.88657236,0.85917795,0.86620611,0.86462897,0.88161165,0.85183614,0.8545661,0.89720458,0.85631526,0.85813481,,,,,,1,0,0,1,0,0,0
74082,1,Fukuoka Educational University,0.012542823,0.12587568,0.069209255,0.83601099,0.82306731,0.67848486,0.74587607,0.82237393,0.66782457,0.79126006,0.64468211,0.80103564,0.72566938,,,,,,1,0,1,0,0,0,0
74425,0,College,-0.08123678,-0.95571476,-0.51847577,0.80627429,0.76581824,0.73871231,0.69675106,0.80921125,0.74969363,0.6411131,0.80718279,0.68686765,0.73837852,,,,,,0,0,0,0,1,0,0
74477,1,Meijo University,0.096226797,-0.94820923,-0.42599121,0.73749185,0.85036421,0.61378497,0.83246291,0.64591986,0.67795241,0.82611847,0.82335341,0.78443491,0.87144262,,,,,,0,0,0,0,0,1,0
74534,0,Hakodate Mirai University,-0.29763579,0.041901629,-0.12786709,0.6599167,0.51112992,0.87714475,0.43877009,0.87485695,0.669963,0.67920983,0.89957434,0.79834998,0.78017002,,,,,,1,0,0,0,0,1,0
74565,0,Akita University,0.17626783,0.39490417,0.285586,0.84901595,0.85306174,0.82716483,0.76788318,0.86292541,0.82094073,0.57926232,0.65899438,0.85876667,0.6368801,,,,,,0,0,1,0,0,0,0
74594,0,Aichi Shukutoku University,-1.2063061,-0.16953264,-0.68791938,0.56131011,0.56094503,0.52466989,0.61931807,0.5230633,0.68521428,0.674245,0.57937461,0.67454696,0.67459595,,,,,,0,0,0,0,0,1,0
74637,0,Imperial College London,0.82020885,-0.58680731,0.11670078,0.87745273,0.84481996,0.81902045,0.85978484,0.86369091,0.85447317,0.84442675,0.87160712,0.84146583,0.84787762,,,,,,0,1,0,0,0,0,0
74671,1,Shimane Prefectural University,-0.21999086,-0.7511487,-0.4855698,0.88404828,0.69768119,0.67778313,0.78313476,0.83003134,0.85493654,0.59948164,0.63349211,0.68330961,0.60334724,,,,,,0,0,0,0,0,0,1
74695,1,Gifu University,-0.093247198,-0.094773047,-0.094010122,0.78716129,0.8047263,0.65006864,0.79640859,0.8408519,0.70824564,0.6665982,0.68436211,0.84969687,0.61039972,,,,,,1,0,1,0,0,0,0
74702,1,Tohoku University,-0.16944887,0.058356304,-0.055546284,0.83191252,0.84535044,0.8689025,0.86007512,0.7511698,0.74183249,0.33943319,0.75418764,0.64899218,0.71183461,,,,,,1,0,1,0,0,0,0
74733,1,Tohoku University,-0.54430187,0.05518619,-0.24455783,0.8389231,0.61826575,0.74326247,0.76251543,0.78794998,0.76728773,0.37502414,0.67722243,0.67542493,0.62792003,,,,,,1,0,1,0,0,0,0
74762,0,Shinshu University,0.43325841,-0.32567981,0.05378931,0.80694038,0.86368024,0.72057593,0.71212435,0.80685854,0.86796838,0.77001578,0.79569137,0.86242801,0.80926687,,,,,,1,0,1,0,0,0,0
74850,0,Yamagata University,0.4485991,1.2486088,0.84860396,0.852575,0.81270647,0.57080668,0.84539986,0.84306377,0.77191222,0.73606807,0.88082451,0.85586083,0.87166947,,,,,,1,0,1,0,0,0,0
74858,0,Seinan Gakuin University,-0.11088499,0.58124667,0.23518085,0.75626308,0.7841686,0.65129673,0.61750335,0.86011654,0.79612076,0.77063113,0.73765326,0.69628608,0.7032249,,,,,,1,0,0,0,0,1,0
75123,0,Jinnai University,0.60781461,-1.2868388,-0.33951208,0.8684293,0.83515936,0.82969469,0.83047539,0.86502695,0.74940699,0.76295298,0.87303698,0.84476018,0.81953305,-0.44712257,-0.49716383,-0.62161553,-0.022278177,0.057978936,0,0,0,0,0,1,0
75182,1,Yamaguchi University,-1.3931127,1.0818906,-0.15561102,0.71499854,0.5,0.60466802,0.60086048,0.71242249,0.54430377,0.51018596,0.55385417,0.70689964,0.41666949,-0.10072563,0.16429482,-0.002165702,0.35376364,-0.57334363,0,0,1,0,0,0,0
75185,0,Joban University,-0.4921461,0.71021336,0.10903364,0.71199971,0.66856122,0.79285073,0.73249733,0.68956023,0.70534724,0.39033571,0.91247052,0.60832947,0.77018708,,,,,,0,0,0,0,1,0,0
75345,1,Tsukuba University,0.060032714,-0.18578818,-0.06287773,0.89239323,0.85469967,0.61017531,0.88074136,0.88610673,0.84876043,0.23682328,0.66084939,0.86919892,0.7714802,,,,,,1,0,1,0,0,0,0
75351,1,None,0.11387469,-1.2878298,-0.58697754,0.79169065,0.85147744,0.51340604,0.80439341,0.75223887,0.74168855,0.82077253,0.74612856,0.76272631,0.85741562,,,,,,0,0,0,1,0,0,0
75374,1,Hakodate Mirai University,0.019101173,1.4118177,0.71545947,0.73733175,0.46233431,0.88933372,0.72170496,0.83711261,0.71983486,0.80320144,0.85646468,0.81198663,0.76669872,,,,,,1,0,0,0,0,1,0
75395,0,Kochi University,0.47282958,0.77421081,0.6235202,0.79485559,0.85535657,0.86621577,0.77942038,0.77099651,0.85533649,0.79189825,0.86395347,0.680767,0.87084144,,,,,,0,0,1,0,0,0,0
75943,0,Tsukuba University,0.87448937,-0.38259023,0.24594958,0.89299095,0.87700647,0.86284214,0.86821038,0.89229083,0.86528695,0.85600924,0.88766485,0.87305623,0.7218616,,,,,,1,0,1,0,0,0,0
75947,1,Miyazaki University,0.38432175,0.68371308,0.53401744,0.78596967,0.85197884,0.74713337,0.85581416,0.87995023,0.79530185,0.66409677,0.83330131,0.84690744,0.72439218,,,,,,0,0,1,0,0,0,0
75958,1,Aichi Prefectural University,0.48627925,-0.49722141,-0.005471095,0.85082388,0.76956546,0.89306343,0.81811166,0.78496903,0.81101167,0.61754483,0.9031707,0.81515193,0.8727383,,,,,,1,0,0,0,0,0,1
75962,0,Wakayama University,-0.42244089,-0.19403863,-0.30823976,0.80330437,0.71338195,0.84915537,0.86686146,0.86162406,0.65012038,0.61105388,0.47818992,0.82872736,0.38374195,,,,,,1,0,1,0,0,0,0
75995,0,Seinan Gakuin University,0.40740198,-1.2156323,-0.40411517,0.87477833,0.84675938,0.63871694,0.78674704,0.77941048,0.85653031,0.78215241,0.88175225,0.7127623,0.85167038,,,,,,0,0,0,0,0,1,0
76354,0,Fukuoka Women University,0.78448021,-1.2130649,-0.21429233,0.88447738,0.85672653,0.82109314,0.83953327,0.87368214,0.84431958,0.84593171,0.80936551,0.84391314,0.85391957,0.34693423,-0.04971179,-0.43153289,-0.3638961,-0.25636476,0,0,0,0,0,0,1
76377,0,Seinan Gakuin University,0.33912888,-1.1141956,-0.38753334,0.80244005,0.75800258,0.76885545,0.8056283,0.72863644,0.78905106,0.82968009,0.89526749,0.7317853,0.86456299,0.54103649,0.1547154,-0.11776695,-0.50878423,0.25838533,0,0,0,0,0,1,0
76524,0,Ritsumeikan University,-0.16817294,-0.59629738,-0.38223514,0.73325288,0.51740235,0.67476815,0.76120114,0.70601201,0.75814074,0.85373938,0.91457266,0.56733835,0.90198582,,,,,,0,0,0,0,0,1,0
76784,1,Ritsumeikan University,-1.2806746,0.65495801,-0.31285825,0.54514164,0.44830626,0.71142906,0.65686065,0.90516347,0.48466611,0.63829142,0.3139452,0.77696043,0.51090086,,,,,,0,0,0,0,0,1,0
76787,0,Kobe University,-0.99900174,-0.42932299,-0.71416235,0.69301128,0.66148299,0.75243032,0.68389821,0.55436593,0.26561645,0.48872846,0.85122359,0.6092366,0.87194562,,,,,,1,0,1,0,0,0,0
76926,1,Doshisha University,-1.1404587,0.026452307,-0.5570032,0.64849931,0.67027473,0.80911988,0.4552727,0.73949933,0.60174578,0.18605977,0.62608159,0.70584893,0.69059473,,,,,,0,0,0,0,0,1,0
77078,0,Kansai University,-0.76963794,0.17195466,-0.29884166,0.6028614,0.61166108,0.36586434,0.46099597,0.69976383,0.75852585,0.80780423,0.82183784,0.57003999,0.86721218,,,,,,0,0,0,0,0,1,0
77624,0,Komasawa University,0.23882791,0.34418759,0.29150775,0.71579456,0.84360218,0.80017596,0.71433443,0.82196039,0.85694152,0.68061632,0.82305998,0.75364935,0.79854614,0.15244758,-0.031243809,-0.11969247,0.13121662,-0.1856481,0,0,0,0,0,1,0
77798,1,Waseda University,-0.53540057,-1.0067005,-0.77105057,0.77918082,0.746997,0.5236674,0.75848234,0.66833395,0.70935631,0.54168928,0.79182309,0.56653833,0.80294418,0.087752536,0.056061007,0.2520977,-0.2468219,0.36228558,0,0,0,0,0,1,0
77847,1,Saitama University,-0.93238884,0.74898303,-0.091702901,0.74802119,0.79031074,0.6834653,0.79109329,0.76829594,0.47356695,0.43680975,0.76997399,0.56384265,0.4495602,,,,,,0,0,1,0,0,0,0
79946,1,Doshisha University,0.25173384,-1.0305613,-0.38941371,0.77094632,0.76437056,0.80205613,0.70214587,0.89963412,0.80342329,0.77451503,0.72492599,0.74002731,0.84297025,,,,,,0,0,0,0,0,1,0
82944,1,Osaka University,0.81400687,-0.099563636,0.3572216,0.90034127,0.82652122,0.87630463,0.82161307,0.75068116,0.88600057,0.86327285,0.85048985,0.8675037,0.87950683,-0.37746975,,,,,0,0,1,0,0,0,0
83101,1,Doshisha University,-1.7432833,0.12998565,-0.80664879,0.59201413,0.43775457,0.43744043,0.70134395,0.52925628,0.60300785,0.62767625,0.57846999,0.56232727,0.40258777,,,,,,0,0,0,0,0,1,0
83541,1,Niigata University,-0.27048349,-1.162186,-0.71633476,0.73267531,0.69775474,0.81922019,0.70761937,0.89153588,0.77150309,0.59983188,0.51191598,0.74353915,0.70764291,0.47127625,,,,,0,0,1,0,0,0,0
