"user_id","logical_thinking_eval","problem_setting_eval","resilience_eval","creativity_eval","empathy_listening_skills_eval","decisiveness_eval","interests_eval","inner_values_eval","open_minded_eval","solution_oriented_eval","logical_thinking_eval_answertime","problem_setting_eval_answertime","resilience_eval_answertime","creativity_eval_answertime","empathy_listening_skills_eval_answertime","decisiveness_eval_answertime","interests_eval_answertime","inner_values_eval_answertime","open_minded_eval_answertime","solution_oriented_eval_answertime","evaluator_foreign_university","evaluator_national_university","evaluator_no_university","evaluator_other_university","evaluator_private_university","evaluator_public_university"
3374,3.8,3.2,2.75,3.3,3.86666666666667,3.66666666666667,3.53333333333333,3.6,3.2,3.13333333333333,10591.8,8469.06666666667,9575.95,9971.25,6460.8,8514.86666666667,7835.93333333333,7998.55,6154,10083.6,0,0.2,0.6,0,0.2,0
4712,2.55555555555556,2.83333333333333,3.41666666666667,3,3.38888888888889,2.83333333333333,3.5,2.875,3.27777777777778,2.77777777777778,6548.66666666667,7327.61111111111,5327.625,7040.375,7202.61111111111,9396.33333333333,7465.38888888889,5917.04166666667,6890.5,5954.38888888889,0,1,0,0,0,0
5272,3.33333333333333,3.66666666666667,3.05,3.4,2.86666666666667,3.33333333333333,3.33333333333333,3.25,2.8,3,8986.93333333333,10160.2,13569.2,12939.2,23863.2,17853.8666666667,24020.5333333333,12446.45,10012.6666666667,13459.8,0,1,0,0,0,0
5379,3.06666666666667,3.53333333333333,3.5,3.6,3.6,2.93333333333333,3.2,3.3,3.53333333333333,3.33333333333333,6564.06666666667,4603.66666666667,5626.15,6032.4,6441.53333333333,7431.6,5835.6,7984.15,7861.53333333333,5528.06666666667,0,0.8,0,0,0.2,0
5442,2.6,3.06666666666667,2.75,2.7,3.06666666666667,2.46666666666667,3.46666666666667,2.65,3.06666666666667,2.8,11917.3333333333,20779.6666666667,15408.85,10658.25,7591.06666666667,10618.2,8913,10543.4,9554.06666666667,11146,0,0.8,0,0,0.2,0
5447,2.66666666666667,2.33333333333333,2.75,2.75,4,4,3.66666666666667,1.75,4,2.66666666666667,3688.66666666667,3441.33333333333,1274.25,1457.5,1758,2490,1443.66666666667,1368.25,1350,2004,0,1,0,0,0,0
5516,2.66666666666667,2.88888888888889,3,3.08333333333333,3,2.22222222222222,3,3.16666666666667,2.88888888888889,3.44444444444444,3407,3608.44444444444,2821.75,3312.25,3877.22222222222,3961.22222222222,2878.22222222222,3168.75,2975.22222222222,3578,0,0.666666666666667,0,0,0.333333333333333,0
5680,2.4,3.06666666666667,3.2,3.35,2.93333333333333,2.8,3.2,2.7,2.2,2.93333333333333,14491,12609.4,17891.7,7629.45,16175.3333333333,15930.4,12205.2666666667,15430.55,16995.8,13880.0666666667,0,1,0,0,0,0
6151,3.6,3.85714285714286,3,3.77777777777778,3,3,3.35714285714286,3.05882352941176,2.84615384615385,2.91666666666667,3414.93333333333,5260.78571428571,7553.55555555556,5984.27777777778,4707.53846153846,4432.86666666667,5993.5,6549.47058823529,4643.84615384615,4262.75,0,1,0,0,0,0
6317,3.66666666666667,2.33333333333333,2.5,2,4,2.66666666666667,3,2.25,3.33333333333333,3.33333333333333,1102,1112,1122.5,1096.75,1091,1458.33333333333,1386.66666666667,1118.5,1102,1084.66666666667,0,1,0,0,0,0
6376,2.66666666666667,3.06666666666667,3.1,2.95,3.26666666666667,2.86666666666667,3.4,2.95,3.26666666666667,2.73333333333333,10851.5333333333,10014.3333333333,16883.4,25064.75,9255.33333333333,9197.86666666667,13152.4,10782.35,8391.46666666667,11188.7333333333,0,0.2,0.2,0,0.4,0.2
6395,3,4,3.75,4,4,3.66666666666667,3,4,2.33333333333333,4,13073.3333333333,7408.33333333333,6894.75,5256.75,12795,12187,9263.33333333333,5491,4501.33333333333,18306.3333333333,0,0,0,0,1,0
6432,3.4,3.66666666666667,3.6,3.55,3.46666666666667,3.73333333333333,3.53333333333333,3.75,3.33333333333333,3.53333333333333,14002.2666666667,30638.4666666667,13269.3,24780.2,23293.2,18081.2666666667,11476.5333333333,18628.4,12570,56629.2,0,0,0,0,0.4,0.6
6717,2.93333333333333,3.33333333333333,2.75,3.25,3.33333333333333,3.66666666666667,3.2,3.55,2.8,3.4,22380.2,12992.4666666667,15252.2,13144.2,20803.6666666667,15614,8760.2,14645.15,12862.0666666667,20092.8,0,0,0.4,0,0.6,0
6735,3,3.66666666666667,3.75,3.65,3.26666666666667,3,3.46666666666667,3.35,3.86666666666667,3.46666666666667,8812.46666666667,6201.4,7334.95,7437.15,7745.66666666667,10869.7333333333,7870,9416.75,6921.8,19991.8,0,0.6,0.2,0,0.2,0
6794,3.46666666666667,3.13333333333333,3.35,3,3.6,3.4,3.66666666666667,3.3,3.4,3.53333333333333,15231.3333333333,13717.5333333333,9044.35,17126.5,9835.2,17085.1333333333,7070.26666666667,10840.05,15780.6,11985.7333333333,0,0.8,0.2,0,0,0
7118,3.23809523809524,3.28571428571429,2.85714285714286,3.53571428571429,3.23809523809524,3.19047619047619,2.95238095238095,3.35714285714286,2.28571428571429,3.52380952380952,13848.5238095238,15167.4285714286,12510.25,12699.2142857143,9841.52380952381,9741.66666666667,10629,12126.1785714286,16115.9523809524,13887.2380952381,0,0.571428571428571,0.428571428571429,0,0,0
7550,2.8,3,3.3,3.1,3.53333333333333,3.2,3.6,2.9,2.93333333333333,2.93333333333333,9940.33333333333,12868,14965.75,12156.9,11217.2,15215.8,11479.5333333333,61096.35,10136.2,19198.4,0,0.4,0.4,0,0.2,0
7697,2.83333333333333,3.72222222222222,3.16666666666667,3.20833333333333,3.11111111111111,3.55555555555556,3.38888888888889,3.5,3.5,3.38888888888889,11924.5,11757.6666666667,9416.33333333333,12871,7718.72222222222,17656.7222222222,11947.9444444444,14659.75,8122,9312.33333333333,0,0.833333333333333,0.166666666666667,0,0,0
8046,3.33333333333333,3.26666666666667,3.45,3.65,3.66666666666667,3.53333333333333,3.66666666666667,3.65,3.46666666666667,3.4,28329.6666666667,9965.53333333333,7064.15,14881.2,7996.26666666667,11772.1333333333,8101.06666666667,8072.4,6019.13333333333,13905.6666666667,0,0.8,0,0,0.2,0
8246,3,3.13333333333333,3.45,3.45,3.46666666666667,3.33333333333333,3.33333333333333,3.4,3.26666666666667,3.66666666666667,8725.4,12994.4,8828.3,7465.7,11294.2666666667,10072.9333333333,8125.26666666667,7716,6716.8,7981.8,0,0.4,0,0,0.6,0
8266,3.46666666666667,3.13333333333333,3.4,3.7,3.26666666666667,3.13333333333333,3.26666666666667,3.25,2.8,3.06666666666667,13288.1333333333,11887.2666666667,7925.45,9477.3,12265.5333333333,14515.2,10427.8666666667,12096.7,54840.1333333333,9685.6,0,0.6,0.4,0,0,0
8410,3.03030303030303,3.33333333333333,3.38636363636364,3.27272727272727,3.06060606060606,3.36363636363636,3.15151515151515,3.59090909090909,3.03030303030303,3.45454545454545,14638.9696969697,15812.9090909091,11315.5227272727,13623.3409090909,15249.6666666667,14278.9090909091,10023.6666666667,11893.2954545455,9560.42424242424,19411.3333333333,0,0.818181818181818,0,0,0.181818181818182,0
8569,3,3.13333333333333,3.2,3.6,2.93333333333333,3.2,3.13333333333333,3.45,3.06666666666667,3.6,8362.8,6539.2,7890.05,7742,6541.33333333333,8583.06666666667,11228.4666666667,8500.15,7050.26666666667,7047.33333333333,0,1,0,0,0,0
8732,3.46666666666667,3.73333333333333,3.2,3.6,3.66666666666667,3.53333333333333,3.46666666666667,3.7,3.66666666666667,3.4,11258.4,16026.2666666667,10221.85,5881.45,5453.53333333333,11679.2666666667,8148.86666666667,7962.15,6314.73333333333,11199.1333333333,0,1,0,0,0,0
9468,2.72222222222222,3.27777777777778,3.5,3.25,3.44444444444444,3.16666666666667,3.44444444444444,3.41666666666667,3.11111111111111,3.38888888888889,9183.66666666667,11425.6111111111,8129.75,8349.66666666667,6669.05555555556,9993.27777777778,7646.61111111111,7095.04166666667,8983.16666666667,7314.22222222222,0,0.666666666666667,0,0,0.333333333333333,0
9498,3,3,2.25,2.75,3,3.33333333333333,2.66666666666667,2.5,3,3,7657,5820,6237.25,4207.5,6595.66666666667,4275,14038.3333333333,5438.75,5926.66666666667,6612,0,1,0,0,0,0
10513,3.0952380952381,3.38095238095238,3.42857142857143,3.57142857142857,3.14285714285714,2.9047619047619,3.38095238095238,3.17857142857143,3.52380952380952,3.38095238095238,12415.8571428571,14987.380952381,14436.9285714286,11259.0357142857,12113,14140.2857142857,7760.19047619048,10429.8571428571,8860.85714285714,12997.4285714286,0,0.142857142857143,0.285714285714286,0,0.571428571428571,0
10711,2.47619047619048,2.66666666666667,2.85714285714286,3,2.95238095238095,3.14285714285714,3.47619047619048,3.25,3.04761904761905,3.38095238095238,10245.380952381,12292.9523809524,9883.39285714286,10113.8571428571,7710.90476190476,9135.7619047619,9504.33333333333,13246.6428571429,7760.19047619048,11211.9523809524,0,0.714285714285714,0.142857142857143,0,0.142857142857143,0
11330,3.83333333333333,3.83333333333333,3.625,4,4,2.83333333333333,4,3.5,4,3.33333333333333,3143.16666666667,4526.16666666667,4197.625,2529.875,3904.5,6451.5,3138.5,3952.125,2808.83333333333,5379,0,1,0,0,0,0
11372,2.93333333333333,3.46666666666667,3.15,3.4,3.73333333333333,3.2,3.2,3.65,3.06666666666667,3.46666666666667,22016.8666666667,15598.2,18885.65,31075.8,16662.6,22759.6666666667,32900.3333333333,17650.2,18363.5333333333,24812.4,0,1,0,0,0,0
12404,2.66666666666667,3.33333333333333,2.85,3.2,3.06666666666667,3.6,2.93333333333333,3.15,3,3.33333333333333,21109.5333333333,12812.4666666667,7944.75,9126.2,7815.06666666667,7171.73333333333,10853.7333333333,5716.3,15093.6,17349.0666666667,0,0.4,0.4,0,0.2,0
13602,2.61111111111111,3.22222222222222,2.91666666666667,3.58333333333333,3,2.83333333333333,3.11111111111111,3.29166666666667,3.16666666666667,3.16666666666667,13042.9444444444,15820.9444444444,11728.3333333333,10572.0416666667,9615.77777777778,12165.7222222222,12272.5,9782.33333333333,10875.2777777778,14963.8333333333,0,0,0,0,0,1
13762,3.53333333333333,3.33333333333333,3,3.4,3.4,3,3.66666666666667,3.2,3.33333333333333,3.13333333333333,5810.53333333333,5711.26666666667,6110.1,5048.25,5803.13333333333,4850.86666666667,6125.4,6001,5226.13333333333,4536.4,0,1,0,0,0,0
13829,3.26666666666667,3,2.8,3.45,3.06666666666667,3.13333333333333,2.86666666666667,3.05,3.13333333333333,3.06666666666667,9480.2,13189.8666666667,4662,5542.8,6556.4,16060.6,6180.4,13984.1,6301.13333333333,9915,0,1,0,0,0,0
13911,3.125,3.375,3.03125,2.9375,2.95833333333333,3.95833333333333,2.91666666666667,3.625,2.875,3.70833333333333,12604.75,10923.5,9295,10293.3125,13457.8333333333,8402.66666666667,9626,14185.875,12010.8333333333,11529.2083333333,0,0.875,0.125,0,0,0
13925,3.04166666666667,3.29166666666667,2.84848484848485,3.21875,3.41666666666667,3,3.58333333333333,3.3125,3.66666666666667,3.25,12615,7221.41666666667,8690.33333333333,6744.0625,8184.625,8105.66666666667,7809.79166666667,9309.65625,6275.33333333333,7808.79166666667,0,0.875471698113208,0,0,0,0.124528301886792
14219,2.86666666666667,3.53333333333333,2.7,3.4,2.86666666666667,3.73333333333333,3,3.7,3.06666666666667,3.53333333333333,39398.4666666667,10875.3333333333,12621.1,7580.3,13330,13333,10175.2666666667,13119.95,15486.2,14044.7333333333,0,0.4,0.2,0.2,0.2,0
15284,2.61111111111111,3.11111111111111,3.33333333333333,2.95833333333333,3.22222222222222,2.66666666666667,2.88888888888889,3.04166666666667,2.55555555555556,3,8686.94444444445,13597.7222222222,8959.08333333333,10110.1666666667,10702.8888888889,12499.8333333333,8480.5,15139.5,15980.1666666667,10598.2777777778,0,1,0,0,0,0
15489,3.33333333333333,3.26666666666667,3.2,3.05,3.33333333333333,3.06666666666667,3.46666666666667,2.95,3.66666666666667,3.06666666666667,6213.86666666667,8254.26666666667,7505.95,7724.6,5320,6635.6,8049.2,7109.85,6912.8,6807.26666666667,0,1,0,0,0,0
16878,2.4,3.13333333333333,3.6,3,2.93333333333333,3.33333333333333,3.33333333333333,3.25,3.73333333333333,3.33333333333333,8097.13333333333,10533.7333333333,7742.05,8665.7,7550.73333333333,6273.66666666667,22096.0666666667,5705.2,6785.6,6731.06666666667,0,0.6,0.2,0,0.2,0
20853,3.46666666666667,3.26666666666667,2.7,3.45,2.66666666666667,3.46666666666667,2.66666666666667,3.05,2.73333333333333,3.2,16308.4666666667,19960.0666666667,15229.65,24787.75,13756.0666666667,25292,16684.6666666667,21093,17454.9333333333,20044,0,0.4,0.6,0,0,0
20981,2.86666666666667,3.26666666666667,2.95,3.2,3.46666666666667,3.33333333333333,3.46666666666667,3.2,3.4,3.53333333333333,21843.8,21821,26840.75,15248.1,10752.2,13117.4,14612.9333333333,17431.85,10128.3333333333,26578.4,0,1,0,0,0,0
21014,4,4,4,4,4,4,4,4,4,4,3422.13333333333,2365.73333333333,2746.1,8520.5,2480.53333333333,3216,2979.46666666667,2171.05,3862.4,2774.73333333333,0,0.2,0,0,0.8,0
21420,3.33333333333333,3.46666666666667,3.25,3.7,3.73333333333333,3.46666666666667,3.73333333333333,3.55,3.46666666666667,3.6,30693.9333333333,21410.5333333333,15338.2,131929.6,16632.2666666667,10453.0666666667,17144.6,17051.95,25295.0666666667,319306.133333333,0,0.8,0,0.2,0,0
21426,3.44444444444444,3.61111111111111,2.45833333333333,3.75,2.72222222222222,3.44444444444444,2.88888888888889,3.33333333333333,3.33333333333333,3.44444444444444,19975.7222222222,24837.2777777778,12588.9166666667,8448.45833333333,12300.8333333333,16758.6111111111,18579.9444444444,18114.5416666667,15641.5555555556,12701.7222222222,0,0.833333333333333,0,0,0.166666666666667,0
21475,2.26666666666667,2.26666666666667,3.05,3.05,2.46666666666667,2.66666666666667,3.46666666666667,2.85,3.26666666666667,3.26666666666667,16790.8,19410.3333333333,13486.7,14553.9,20493.8666666667,20448.0666666667,26175.4666666667,43873.5,12190.2666666667,19138,0,0.8,0.2,0,0,0
21526,3.73333333333333,3.4,2.75,3.25,3.26666666666667,3.53333333333333,3.13333333333333,3.35,2.93333333333333,3.33333333333333,17154.6666666667,600714.733333333,14859.25,13404.65,18378,21040.0666666667,15913.9333333333,19836.35,17206.6666666667,20496.6,0,0,0,0,0.8,0.2
21557,2.53333333333333,3.2,3.4,3,2.93333333333333,3.2,3.4,3.4,3.4,3.33333333333333,12675.4,9690.46666666667,11182.4,7827.65,174480.866666667,9026.4,8032.53333333333,565575.3,6037.4,6989.33333333333,0,0.6,0.4,0,0,0
21601,2.93333333333333,3.26666666666667,3.05,3.3,3.6,2.86666666666667,3.33333333333333,3.05,3.4,3.26666666666667,12853.2666666667,12169.2,11653.85,6294.15,4627.8,8424.26666666667,9995.8,10779.5,7698.86666666667,7928.93333333333,0,1,0,0,0,0
21637,3.51428571428571,3.14285714285714,2.73913043478261,3.4375,3.5,3.02857142857143,2.88888888888889,2.80851063829787,3.14285714285714,2.86111111111111,7998.94285714286,14629.6,21917.4130434783,7587.1875,7780.13888888889,10273.8571428571,28380.8888888889,44447.085106383,9309.65714285714,93081.5,0,0.763496143958869,0.169665809768638,0.0668380462724936,0,0
21653,3.27777777777778,3,3.125,3.45833333333333,3.33333333333333,2.61111111111111,3.05555555555556,3,3.22222222222222,3.22222222222222,10530.3333333333,9916.94444444445,7241.29166666667,8979.70833333333,5361.61111111111,9054.27777777778,6927.83333333333,11333.375,6406.72222222222,12771.8333333333,0,0,0.166666666666667,0,0.833333333333333,0
21661,3.66666666666667,2.94444444444444,2.91666666666667,3.54166666666667,3.33333333333333,3.22222222222222,2.55555555555556,3.33333333333333,2.88888888888889,3,6840.5,11146.1111111111,12960,9087.45833333333,10380.2222222222,7644,9828.72222222222,12105.2916666667,7853.33333333333,16392.7777777778,0,0,0,0,1,0
21663,2.86666666666667,3.26666666666667,3,3.3,3.06666666666667,3.6,3,3.25,2.2,3.26666666666667,19389.9333333333,23272.4666666667,14461.35,35455.75,18928.6666666667,20730.3333333333,14725.2,39371.5,18172.6,23257.4666666667,0,0.4,0.6,0,0,0
21705,3.27777777777778,3.44444444444444,3.16666666666667,3.375,3.7,3.15789473684211,3.27777777777778,3.20833333333333,3.27777777777778,3.16666666666667,16833.8888888889,13504.6666666667,14059.375,15205.7916666667,9731.9,12536.3684210526,11638.6666666667,11694,10636.5555555556,18790.5555555556,0,0.492537313432836,0.164179104477612,0,0.164179104477612,0.17910447761194
21733,3.05555555555556,3.05555555555556,3.375,3.41666666666667,3.16666666666667,3.22222222222222,3.5,3.08333333333333,2.88888888888889,3.11111111111111,8112.16666666667,9278.16666666667,24147.9166666667,6561.25,7406.5,10344.8888888889,7352.05555555556,7972.125,6492.16666666667,6379.55555555556,0,0,0,0,1,0
21767,3.33333333333333,4,3,4,4,4,3,3.5,3.33333333333333,3.33333333333333,7418.33333333333,22862.3333333333,16301.75,14835.5,6386.33333333333,18051.6666666667,11424.3333333333,13711.5,23932,14045.6666666667,0,1,0,0,0,0
21771,2.53333333333333,3.6,3.4,3.3,3.13333333333333,3.26666666666667,3.53333333333333,3,3.2,3.26666666666667,8289.13333333333,10227.6,13914.95,11848.9,9051.13333333333,14251.2,8560.46666666667,13290.2,10483.2,9305,0,0,0.2,0,0.2,0.6
21886,2.53333333333333,3.06666666666667,3.2,3.55,3,3.53333333333333,3.33333333333333,3.2,3.53333333333333,3.2,14081.2666666667,10068.8,14554.7,7384.55,10302,13337.2,10826.2666666667,8994.8,9274.46666666667,14569.4,0,0.8,0,0,0.2,0
21905,3.27777777777778,3.88888888888889,3.66666666666667,3.79166666666667,3.61111111111111,3.72222222222222,3.55555555555556,3.79166666666667,3.55555555555556,3.77777777777778,12108.0555555556,9311,8610.54166666667,15707.4583333333,12460.2222222222,21830,10048.5555555556,16369.0416666667,29496.7777777778,13209.8333333333,0,0.166666666666667,0.166666666666667,0,0.666666666666667,0
21963,3.2,3.53333333333333,2.7,3.35,3.6,3.4,3.13333333333333,3.45,3.13333333333333,3.33333333333333,6652.6,7904.73333333333,7231.4,10953.75,5097.33333333333,7723.13333333333,5484.53333333333,5495.15,7534.13333333333,5310.6,0,1,0,0,0,0
21967,2,3,2.375,3.25,2.94444444444444,3.22222222222222,3,3.20833333333333,2.83333333333333,3.22222222222222,6268.16666666667,6941.83333333333,10053.8333333333,8049,10133.2777777778,5746.66666666667,5554.05555555556,5186.79166666667,6034.22222222222,9652.11111111111,0,0.833333333333333,0.166666666666667,0,0,0
22011,3.16666666666667,3.66666666666667,3.4375,3.75,3.5,3.16666666666667,3.25,3.375,3.41666666666667,3.5,12067.75,7569.33333333333,7197.8125,4819.6875,4546,4670.91666666667,8079.08333333333,7150.25,6283.58333333333,5976.16666666667,0,0,0.5,0,0,0.5
22014,3.14285714285714,3.85714285714286,3.60714285714286,3.82142857142857,3.47619047619048,3.42857142857143,3.38095238095238,3.46428571428571,3.42857142857143,3.66666666666667,34124.5238095238,9724.52380952381,6845.96428571429,10037.6071428571,12156.8571428571,9340.95238095238,10397.1904761905,7793.57142857143,9199.85714285714,12731.380952381,0,0,0,0,0.428571428571429,0.571428571428571
22052,2.33333333333333,3.26666666666667,3.35,2.8,3.06666666666667,2.93333333333333,3.66666666666667,3.3,2.86666666666667,3.4,37942.5333333333,56714,17317.6,39427.25,20608.5333333333,30251.1333333333,15294.4666666667,36997.8,31443.4666666667,41605.5333333333,0,0.6,0,0.2,0.2,0
22060,3.16666666666667,3.5,3.125,3.5,3.66666666666667,3.5,3.33333333333333,3.5,3.5,3.16666666666667,12478,19437.3333333333,14839,12309.75,20313.5,14475.6666666667,8464,10532.125,9264.83333333333,13128,0,1,0,0,0,0
22113,2.53333333333333,2.8,2.8,3,3,2.33333333333333,3.2,2.65,3.4,2.73333333333333,17585.4666666667,10092.4,15901.25,5810.15,5367,12247.4,8505.33333333333,21666.1,7325.66666666667,10920.8,0,0.8,0,0,0.2,0
22142,3.13333333333333,3.46666666666667,3.2,3.25,3.26666666666667,3.4,3.26666666666667,3.35,3.13333333333333,3.46666666666667,16084.0666666667,14853.6666666667,10815.3,20507.95,12429.5333333333,17295.1333333333,11348.6,15104.55,21893.6666666667,15527.5333333333,0,0.2,0.4,0,0.4,0
22154,3.2,3.13333333333333,3.325,3.375,3.46666666666667,3.2,3.36666666666667,3.475,2.96666666666667,3.73333333333333,16462.5,21619.9,14582.25,21337.2,16867.7,17390.8666666667,13351.4,17747.1,11694.5,19342.1,0,0,0.2,0,0.8,0
22201,2.6,3.13333333333333,3,2.85,3.4,2.73333333333333,3.6,2.8,3.6,3.06666666666667,6873.13333333333,9401.66666666667,6336.55,12172.25,6062.13333333333,8040.26666666667,6794.6,11773.4,5663.4,10528.8,0,0.4,0.2,0,0.4,0
22206,2,2.53333333333333,2.6,2.55,3.46666666666667,2.4,3.06666666666667,2.4,2.73333333333333,2,12542.0666666667,16767.7333333333,17431.9,9433.7,7919.2,9508.53333333333,7637.13333333333,8914.45,6780.13333333333,10208.2,0,0.2,0.8,0,0,0
22260,2.86666666666667,2.86666666666667,3.2,3.45,3,3,3.53333333333333,3.65,3.13333333333333,3,12088.1333333333,10098,9094.15,7194.75,8704.66666666667,7475.66666666667,6717.33333333333,8997.5,8158.26666666667,7675.6,0,0.8,0.2,0,0,0
22289,3.46666666666667,3.4,3.85,3.4,3.66666666666667,3.46666666666667,3.86666666666667,3.45,3.86666666666667,3.46666666666667,6290,10036.8666666667,5214.45,5786.8,5076.53333333333,5178.53333333333,4388.4,4369.85,6074.33333333333,5565.4,0,0.6,0,0,0.4,0
22318,3.53333333333333,3.73333333333333,2.5,3.8,3.73333333333333,3.26666666666667,2.66666666666667,3.45,3.13333333333333,3,4422.66666666667,5714.86666666667,7696.8,5389.75,4891,7400.13333333333,6904.26666666667,5062.45,7320.93333333333,10347.0666666667,0,0.8,0.2,0,0,0
22319,3,3.66666666666667,2.65,3.5,2.86666666666667,3.73333333333333,2.66666666666667,3.5,2.86666666666667,3.46666666666667,11338.2666666667,14851,17782.2,12074.6,13029.8666666667,12691.3333333333,12395.6,13884.55,14320.8,11548.3333333333,0,1,0,0,0,0
22351,3.66666666666667,3.11111111111111,3.66666666666667,3.5,3.72222222222222,3.33333333333333,3.55555555555556,3.20833333333333,3.5,3.72222222222222,6276.55555555556,26435.0555555556,10968.0833333333,32185.9166666667,11107,7793.88888888889,18174.9444444444,22473.2083333333,7590.66666666667,30142.2222222222,0,0.166666666666667,0.166666666666667,0,0.666666666666667,0
22358,3.76190476190476,2.86363636363636,3.10714285714286,3.20689655172414,3.33333333333333,2.71428571428571,3.47619047619048,2.42857142857143,3.38095238095238,2.66666666666667,29488.4285714286,24370.5909090909,19992.0357142857,17302.2068965517,25372.8571428571,19931.0952380952,26361.0476190476,21997.8214285714,24166.0952380952,32639.380952381,0,0.716738197424893,0.283261802575107,0,0,0
22362,3.22222222222222,3.44444444444444,3.54166666666667,3.70833333333333,3.66666666666667,3.22222222222222,3.88888888888889,3.70833333333333,3.33333333333333,3.5,12432.8333333333,12003.8888888889,11022.375,13264.875,8104,12648.2222222222,8577.38888888889,9814.08333333333,7559.83333333333,18576.3888888889,0,0.833333333333333,0.166666666666667,0,0,0
22363,3.33333333333333,3.26666666666667,3.4,3.4,3.6,3.06666666666667,3.26666666666667,3.2,3.26666666666667,3.13333333333333,14029.7333333333,21076.6666666667,15193.15,11155.25,14150.2666666667,16512.2,13426.0666666667,11756.35,17307,17082.2,0,0.4,0.2,0.2,0.2,0
22417,2.46666666666667,2.73333333333333,3,3.4,3.2,2.46666666666667,3.93333333333333,2.95,3.2,3.4,12717.6,9697.8,7509.15,15252.55,7122.66666666667,11309.6666666667,7641.13333333333,13651,7208.6,17860.8666666667,0,0.4,0.2,0,0,0.4
22453,2.06666666666667,2.4,3.45,2.75,3.06666666666667,3.13333333333333,3.4,2.95,2.33333333333333,2.6,11723.0666666667,19558.4,14423.75,13932.6,15154.0666666667,22475.5333333333,17674.1333333333,15046.55,63522.4666666667,37468,0,0.2,0.6,0,0,0.2
22491,2.73684210526316,3.35,3.32,3.30769230769231,3,3.21052631578947,3.42105263157895,2.81481481481481,3.71428571428571,2.9047619047619,23678,16158.5,11213.64,10859.7692307692,12449.5,12764.9473684211,8581.57894736842,23233.5555555556,8276.7619047619,16027.7619047619,0,0.543778801843318,0.456221198156682,0,0,0
22494,3.33333333333333,3.2,3.3,3.6,3.4,3.33333333333333,3.66666666666667,3.25,3.4,3.13333333333333,13016.7333333333,11390.9333333333,22533.75,7526.75,14634.8,14183.7333333333,9447.13333333333,90869.2,11958.5333333333,15390.4,0,0.6,0,0,0.4,0
22505,3.55555555555556,3.16666666666667,3.20833333333333,3.04166666666667,3.27777777777778,3.11111111111111,3.44444444444444,3.16666666666667,3.05555555555556,3.11111111111111,17484,157428,14864.4583333333,15396,15907.5555555556,17858.3888888889,17212.7777777778,14348.4583333333,16593.5555555556,32164.2777777778,0.166666666666667,0.666666666666667,0,0,0.166666666666667,0
22529,3,3.13333333333333,2.95,3.45,2.33333333333333,3.13333333333333,3.26666666666667,2.75,2.53333333333333,3.13333333333333,7899,11290.1333333333,8905.95,7001.3,8961,12416.4,10803,15363.45,7494.6,6660.8,0,0,0.6,0.2,0,0.2
22535,3.6,3.46666666666667,2.8,3.45,2.93333333333333,3.13333333333333,3.25,2.80952380952381,3,3.06666666666667,12391.7333333333,14200.9333333333,12942.95,9660.45,22177.5333333333,14143,12161.875,20310.6666666667,10302.6666666667,15172.5333333333,0,0.592814371257485,0.395209580838323,0.0119760479041916,0,0
22547,2.46666666666667,3.26666666666667,2.65,3.5,2.73333333333333,3.73333333333333,3.26666666666667,3.15,3.13333333333333,2.73333333333333,24346.0666666667,12300.7333333333,14125.15,15049.55,13233.7333333333,18089.2,14148.0666666667,10376,13149.9333333333,17595.6,0,0.4,0.4,0,0.2,0
22573,2.33333333333333,2.33333333333333,3,3.25,2.66666666666667,3.66666666666667,3.66666666666667,2.25,3,2.33333333333333,6918,4750,5401.25,8625.5,5381.66666666667,5033.33333333333,3741.66666666667,8407,4854.33333333333,8636,0,1,0,0,0,0
22605,3.4,3.8,3.45,3.85,3.26666666666667,3.66666666666667,3.8,3.85,3.66666666666667,3.8,17838.6666666667,9377.13333333333,16210.65,17198.2,11520.0666666667,16210.4666666667,11644.2666666667,11351.6,12183.9333333333,12429.4666666667,0,0.2,0.2,0,0.6,0
22615,3.06666666666667,3.13333333333333,3,3.25,3.66666666666667,2.93333333333333,3.2,3.35,3.73333333333333,3.26666666666667,14564.1333333333,17664.6666666667,15879.25,18379.05,17334.6666666667,10305.0666666667,14319.4,14909.25,13009.3333333333,11962.4666666667,0,1,0,0,0,0
22623,3.5,2.88888888888889,2.29166666666667,3.54166666666667,2.83333333333333,2.77777777777778,2.55555555555556,2.66666666666667,2.77777777777778,2.83333333333333,9756.72222222222,5853.11111111111,7043.41666666667,4852.66666666667,9167.66666666667,6368.83333333333,8525.66666666667,6104.66666666667,10485.1666666667,6156.05555555556,0,1,0,0,0,0
22643,3.6,3.73333333333333,3.5,3.4,3.8,3.33333333333333,3.8,3.55,3.66666666666667,3.4,5283.66666666667,5123.8,5743.9,5392.8,4063.46666666667,4661.4,3942.66666666667,6462.2,6357.8,5353.46666666667,0,0.2,0,0,0.8,0
22644,3.55555555555556,3.22222222222222,2.83333333333333,2.83333333333333,3.38888888888889,3.33333333333333,2.94444444444444,3.04166666666667,2.88888888888889,3.22222222222222,7213.11111111111,11785,18729.7916666667,16775.9166666667,7690.16666666667,37039.5555555556,10707.6666666667,19349.2916666667,15504.0555555556,17846.8333333333,0,0.833333333333333,0.166666666666667,0,0,0
22675,2.6,3.2,3.05,3.7,3.2,3.33333333333333,3.33333333333333,3.45,3.46666666666667,3.53333333333333,31445.2666666667,17126,24026.55,30361.85,28078.2,21838.8,29794.8666666667,22670.6,19652.2,21835.3333333333,0,0.8,0.2,0,0,0
22676,2.22222222222222,3.38888888888889,3.16666666666667,2.54166666666667,2.77777777777778,2.83333333333333,3.38888888888889,3,2.77777777777778,2.88888888888889,15824.4444444444,39211.6111111111,17313.75,21187.4583333333,16287.0555555556,20614.5,19230.3333333333,19111.9583333333,26085.1666666667,32822.7777777778,0,0.666666666666667,0,0,0.333333333333333,0
22686,2.66666666666667,3.73333333333333,2.55,3.45,3.53333333333333,3.46666666666667,3.4,3.7,3.46666666666667,3.6,10767.9333333333,11875.3333333333,9284.85,20168.25,7165.8,9320.06666666667,10961.2,7326.8,8932.46666666667,7386.66666666667,0,0,0,0,1,0
22701,1.85714285714286,2,1.7,2.44444444444444,3.28571428571429,1.875,3,2.8,3,2.66666666666667,6922.42857142857,11108.1428571429,11182.2,9651.22222222222,8080.71428571429,8128.875,8840.14285714286,8661.4,9748.28571428571,9395.66666666667,0,0.576923076923077,0,0.423076923076923,0,0
22704,2.93333333333333,3.73333333333333,2.5,3.2,3.8,2.93333333333333,2.86666666666667,3.25,2.6,3.6,26890.4,10777.6,12490.95,125056.45,13778.2,15093.7333333333,12955.7333333333,23844.95,9135.53333333333,11286.8,0,0.8,0,0.2,0,0
22710,2,2.88888888888889,3.25,3.16666666666667,2.5,2.27777777777778,3.72222222222222,2.54166666666667,3.5,2.88888888888889,12802.0555555556,11591.8888888889,12500.2083333333,12094.2083333333,46603.2777777778,10641.7222222222,9811.11111111111,18665.125,11864.4444444444,22290.6666666667,0,0.833333333333333,0.166666666666667,0,0,0
22716,2.83333333333333,3.16666666666667,2.875,3.5,2.88888888888889,3,3.27777777777778,2.75,2.72222222222222,3,9921.61111111111,7981.33333333333,9122.95833333333,6309.20833333333,9864.27777777778,9531.16666666667,10533.2222222222,8263,7678.94444444444,16856.5555555556,0,0.666666666666667,0,0,0.166666666666667,0.166666666666667
22732,3.22222222222222,3.72222222222222,3.375,3.54166666666667,3.66666666666667,3.66666666666667,3.44444444444444,3.625,3.33333333333333,3.66666666666667,7184.61111111111,6774.27777777778,10971,9107.625,7727.11111111111,7494.77777777778,5763.83333333333,14417.9583333333,6867.44444444444,11103.4444444444,0,0.833333333333333,0.166666666666667,0,0,0
22748,3.26666666666667,2.66666666666667,2.5,3.2,3.06666666666667,2.26666666666667,2.73333333333333,2.4,2.4,2.6,5293.6,5775,5712.75,5714.7,4621.06666666667,6196.66666666667,4693.13333333333,4545.65,4485.53333333333,6142,0,0.8,0.2,0,0,0
22752,2.26666666666667,2.53333333333333,2.95,2.55,2.66666666666667,2.26666666666667,3.66666666666667,2.5,3.4,2.33333333333333,5660.73333333333,7456.46666666667,6438.15,7265.3,7200,5552.73333333333,5760.86666666667,6783.35,5770,5633.2,0,1,0,0,0,0
22759,2.93333333333333,3.13333333333333,2.9,3.45,3.06666666666667,2.93333333333333,3.13333333333333,3.05,3.2,3.2,9127.26666666667,13554.2,9556.9,6973.9,9767.06666666667,13851.4,11515.2,9724.75,7049,10341.3333333333,0,1,0,0,0,0
22768,2.73333333333333,3.2,3.3,3.45,3.26666666666667,3.46666666666667,3.53333333333333,3.25,3.4,3.66666666666667,7766.13333333333,8682.66666666667,7371.95,6818.1,6711.53333333333,8323.66666666667,5349.8,8558.6,5395.26666666667,7819,0,0.6,0.2,0,0.2,0
22784,2.93333333333333,2.86666666666667,2.8,2.8,2.8,2.13333333333333,2.86666666666667,2.2,3.06666666666667,2.33333333333333,16012.0666666667,12891.6,12582.05,11579.8,11501.3333333333,10380.6,8390.6,11408.95,7960.86666666667,14791,0,1,0,0,0,0
22794,2.8,2.93333333333333,3.2,3.5,3.66666666666667,3,3.26666666666667,3.2,2.73333333333333,3.4,13196.2,11695.0666666667,11901.5,10569.15,6531.73333333333,11945.1333333333,8626.86666666667,10202.45,12920.4666666667,15681.4666666667,0,1,0,0,0,0
22799,2.53333333333333,3.06666666666667,3.5,3.35,3.13333333333333,2.86666666666667,3.46666666666667,3.1,3.66666666666667,2.86666666666667,15504.3333333333,9472,15054.35,17825.85,12990.4666666667,18089.0666666667,27421.2,9512.7,6908.2,13285.5333333333,0,0.8,0,0,0.2,0
22849,3.125,3.625,2.65625,3.8125,2.70833333333333,3.125,2.95833333333333,3.3125,3.08333333333333,3.20833333333333,15283.2083333333,8756.29166666667,9910.875,13584.5,8101.20833333333,8212.33333333333,9788.91666666667,7246.15625,7392.625,8330.04166666667,0,0.875,0.125,0,0,0
22854,2.93333333333333,3.4,3.3,3.25,3.46666666666667,3.06666666666667,3.26666666666667,3.15,3,3.53333333333333,11770.4,13273.5333333333,9736.3,10466.7,9359.26666666667,12354.9333333333,8634.26666666667,10035.95,8073.46666666667,11955.8,0,0.8,0,0,0.2,0
22866,3.66666666666667,3.66666666666667,3.3,3.7,3.4,3.6,2.93333333333333,3.45,3.26666666666667,3.66666666666667,7810.53333333333,10171.6,11160.45,13143.05,6545.73333333333,9667.46666666667,8913.93333333333,7574.7,7957.6,9473.4,0,0,0,0,1,0
22884,2.2,2.6,2.85,2.9,2.4,2.73333333333333,3.53333333333333,2.55,2.66666666666667,2.6,11028.2,18740.2,13325.35,14452.75,9343.8,11640.0666666667,12939.7333333333,9354.55,10081.3333333333,11139.6,0,0.8,0.2,0,0,0
22889,3.26666666666667,3.53333333333333,3.25,3.7,3.73333333333333,3.46666666666667,3.2,3.4,3.26666666666667,3.53333333333333,8390.33333333333,7095.8,9733.4,6252.15,7577.4,6890.53333333333,7078.26666666667,7078.4,7626.46666666667,5921.06666666667,0,0.8,0,0,0.2,0
22915,3.26666666666667,3.26666666666667,3.7,3.2,3.66666666666667,2.73333333333333,3.86666666666667,3.05,3.26666666666667,3.33333333333333,11881.1333333333,15845.4,15615,11130.05,14306.0666666667,12850,10824.1333333333,15282.1,16232.1333333333,8614.13333333333,0,1,0,0,0,0
22916,2.73333333333333,3.06666666666667,3.45,2.65,2.86666666666667,3.46666666666667,3.53333333333333,3.2,3.26666666666667,3.06666666666667,43475.7333333333,18480.3333333333,11605.15,10617.1,12612.9333333333,14910,13698.4,113333.2,16290.8666666667,13630.0666666667,0,0.8,0,0,0.2,0
22925,3.06666666666667,3.13333333333333,3.25,2.9,3.2,2.8,3.73333333333333,2.4,3.06666666666667,2.8,5661.46666666667,9815.93333333333,5638.65,7525.35,5102.26666666667,7051.73333333333,4639.86666666667,7078.9,6481.73333333333,8143.26666666667,0,1,0,0,0,0
22932,3.26666666666667,3.53333333333333,3.15,3.5,3.6,3.73333333333333,2.93333333333333,3.35,3.2,3.2,29589,17466.1333333333,17355.85,27934.1,12841.2666666667,20174.9333333333,14042.2,14304.3,17636.2666666667,25285.8,0,1,0,0,0,0
22933,2.63636363636364,3.03030303030303,2.06818181818182,2.88636363636364,2.93939393939394,2.66666666666667,2.66666666666667,2.90909090909091,2.96969696969697,2.78787878787879,24305.4242424242,21658.8484848485,17336.0909090909,21173.8863636364,18148.7272727273,15348.6363636364,13429.0909090909,11742,11229.1818181818,25972.6060606061,0,0.272727272727273,0,0,0.727272727272727,0
22968,3.05555555555556,3.16666666666667,3.54166666666667,3.04166666666667,3.33333333333333,3.16666666666667,3.33333333333333,3.33333333333333,3.5,3.61111111111111,9303.38888888889,17435,10555.875,16745.0833333333,9452.55555555555,10109.3888888889,11998.4444444444,11160.3333333333,8354.83333333333,30710.3333333333,0,1,0,0,0,0
22972,3.26666666666667,3.4,2.95,3.5,3.53333333333333,3.26666666666667,3.33333333333333,3.4,3.26666666666667,3.2,5848.2,19071.4,9640.25,16756.05,8814.2,6067,8641.46666666667,48020.95,4901.13333333333,6242.06666666667,0,0.8,0.2,0,0,0
22993,3.13333333333333,3.2,3.3,3.55,3.53333333333333,3.26666666666667,3.2,3.25,3.2,3.26666666666667,12662.7333333333,13414.8,13210.95,10517.55,9639.66666666667,19314.8666666667,11264.2,12793.45,10357.2,23240.2,0,0.6,0,0,0.2,0.2
22994,2.66666666666667,3.26666666666667,3,3.05,2.86666666666667,3.46666666666667,3.73333333333333,3.35,3.06666666666667,3.13333333333333,12249,9849.6,9129.6,12574.1,89842.6666666667,7355.93333333333,9054,25375,9482.6,10029.7333333333,0,0.6,0.2,0.2,0,0
22995,2.53333333333333,2.66666666666667,3,2.55,3.4,2.86666666666667,3.26666666666667,3,2.93333333333333,3,7484.2,9320.53333333333,8346.05,7767.55,8393.13333333333,13556.9333333333,10200.2666666667,9027.95,15369.6,8287.93333333333,0,0.8,0,0.2,0,0
23004,3.66666666666667,3.73333333333333,3.6,3.9,3.66666666666667,3.4,3.33333333333333,3.8,3.33333333333333,3.73333333333333,7111,8969.73333333333,8807.9,17837.95,7080.4,12686,8912.8,7692.15,7585.93333333333,9704.86666666667,0,0.2,0,0,0.8,0
23012,2.66666666666667,2.73333333333333,2.95,2.4,2.93333333333333,2.6,3.46666666666667,2.45,3.13333333333333,2.6,10020.8,15575.4666666667,8028.55,14534.45,6243.93333333333,8377.86666666667,13247.6666666667,5910.3,22483.1333333333,12155.6666666667,0,0.6,0,0,0.2,0.2
23026,3.33333333333333,3.26666666666667,3.05,3.4,2.86666666666667,3.26666666666667,3.66666666666667,3.2,2.73333333333333,3.33333333333333,13601.8666666667,12206.4666666667,13393.45,9348.55,9025.4,11117.4,11204.9333333333,7966.5,10682.7333333333,14631.2,0,0.6,0.2,0.2,0,0
23029,2.61111111111111,3.72222222222222,2.91666666666667,3.20833333333333,2.61111111111111,3.66666666666667,2.83333333333333,3.83333333333333,2.83333333333333,3.55555555555556,8371.61111111111,8309.38888888889,10114,8972.25,19060.6666666667,8046.27777777778,11053.4444444444,17050.6666666667,9333.38888888889,10288.2777777778,0,0.833333333333333,0,0,0,0.166666666666667
23045,3.06666666666667,3.33333333333333,3.15,3.45,3.53333333333333,3.6,3.26666666666667,3.7,3.4,3.46666666666667,23550,13158,10066.4,6175.2,8689.33333333333,8045.2,11162.6666666667,9193.15,14139.5333333333,7864.8,0,0.6,0.2,0,0.2,0
23074,3.46666666666667,3.73333333333333,3,3.8,3.73333333333333,3.73333333333333,3.53333333333333,3.7,3,3.66666666666667,30954.6,72671.8,21658.8,211450.5,17378.1333333333,11646.0666666667,22739.3333333333,13760.3,23971.0666666667,65899,0,0.8,0,0,0.2,0
23080,3.16666666666667,3.44444444444444,3.41666666666667,3.41666666666667,3.11111111111111,3.44444444444444,3.44444444444444,3.41666666666667,3.05555555555556,3.5,6570.11111111111,6234.22222222222,6698.95833333333,6008.79166666667,6270.5,5543.22222222222,6717.38888888889,6669.79166666667,7428.61111111111,6733.55555555556,0,1,0,0,0,0
23113,3,2.93333333333333,3.65,3.3,2.8,3.13333333333333,3.4,3.1,2.2,3.53333333333333,10948.5333333333,15093.3333333333,9458.4,7289.05,7787.66666666667,11575.4,8334.33333333333,12559.75,12617.2666666667,9296.13333333333,0,0,0,0,1,0
23115,3.66666666666667,3.22222222222222,3,3.625,3.72222222222222,3.05555555555556,3.55555555555556,2.625,3.16666666666667,2.77777777777778,5138.88888888889,8487.72222222222,7587.75,16303.7916666667,9121.88888888889,10400.2222222222,10958.8333333333,8315.95833333333,8799.38888888889,9812.22222222222,0,1,0,0,0,0
23119,3.26666666666667,3.26666666666667,3.05,3.3,3.4,3.53333333333333,2.86666666666667,3.5,3.06666666666667,3.46666666666667,10861.4666666667,12985.9333333333,13170.3,9153.2,9566.73333333333,14342.3333333333,12452.7333333333,15619.9,9298.73333333333,25354.4,0,0,0,0,1,0
23127,2.5,3.16666666666667,3.75,3.375,3,3.66666666666667,3.83333333333333,3.25,3,3.66666666666667,4099.66666666667,7149.5,5584.125,89601.125,5384.33333333333,4742.5,4762.83333333333,4613.125,4147.83333333333,4350.66666666667,0,1,0,0,0,0
23146,2.61904761904762,2.76190476190476,3.37931034482759,3.14285714285714,3,2.0952380952381,3.47619047619048,2.51724137931034,3.23809523809524,2.47619047619048,210524.19047619,9277,10958.6896551724,21904.4285714286,13898.9545454545,15132.9523809524,7232.71428571429,17990.1379310345,7179.2380952381,8688.85714285714,0,0.858974358974359,0.141025641025641,0,0,0
23162,2.75,3.08333333333333,3.28125,3.34375,3.25,3.45833333333333,3.70833333333333,3.28125,3.125,3.66666666666667,9560.54166666667,13293.9166666667,83581.9375,9692.03125,9185.16666666667,8417.66666666667,81006.9166666667,11326.6875,8314.91666666667,13569.9166666667,0,0.625,0,0,0.25,0.125
23175,3.13333333333333,3.4,2.8,3.6,3.26666666666667,3.46666666666667,3.2,3.1,2.93333333333333,3.2,16302.5333333333,6117,8629.1,8788.65,676926,9545.86666666667,6773.46666666667,10532.3,9580.73333333333,7215.26666666667,0,0,0,0,1,0
23205,2.46666666666667,3.4,3.05,3.3,3.06666666666667,2.93333333333333,3.46666666666667,2.8,2.73333333333333,3.46666666666667,9194.73333333333,14904.6,8441.85,10314.25,11161.8,13081.0666666667,10182.6,7054.95,14371.6,8479,0,1,0,0,0,0
23207,3.66666666666667,3.05555555555556,2.875,3.5,3.44444444444444,2.94444444444444,3,2.95833333333333,2.88888888888889,3.05555555555556,10180.3888888889,12321.2222222222,7958.5,7913.45833333333,8946.88888888889,7274.38888888889,10803.0555555556,9511.04166666667,10765.5,10273.5555555556,0,0.833333333333333,0.166666666666667,0,0,0
23221,2.93333333333333,3.4,3.15,3.3,3.46666666666667,3.26666666666667,3.6,3.3,3.46666666666667,3.13333333333333,15507.4,10422.4666666667,14503.95,13850.25,10739.4,9971.13333333333,12721.8666666667,13307.2,10396.6666666667,10559.8666666667,0,1,0,0,0,0
23227,3.4,3.73333333333333,3.45,3.6,3.8,3.33333333333333,3.26666666666667,3.6,3.8,3.66666666666667,5859.93333333333,5436,6652.25,4543.7,5024.66666666667,4827.06666666667,5215.46666666667,4473.25,3976.2,7236,0,0.2,0.2,0,0,0.6
23234,3.33333333333333,3.16666666666667,3.375,3.5,3.77777777777778,2.88888888888889,3.38888888888889,3.20833333333333,3.05555555555556,3.33333333333333,14869.6111111111,6661.27777777778,8530,6095.375,6460.77777777778,8777.44444444445,16446.7777777778,9046.875,7864.5,7197.77777777778,0,0,0,0,0.833333333333333,0.166666666666667
23245,2.94444444444444,3.33333333333333,3.33333333333333,3.375,3.61111111111111,3.33333333333333,3.44444444444444,3.20833333333333,3.05555555555556,3.61111111111111,8566.66666666667,14255.9444444444,9991.95833333333,19004.375,12394.1111111111,12686.8333333333,9929,9432.91666666667,10725.6111111111,7799.94444444444,0,0,0,0,1,0
23265,3,3.47619047619048,2.89285714285714,3.67857142857143,3.38095238095238,3.52380952380952,3.23809523809524,3.53571428571429,3.38095238095238,3.0952380952381,15318.380952381,9459.7619047619,10046.25,7502.42857142857,5368.85714285714,10818.5714285714,7819.33333333333,6297.78571428571,8810.28571428571,8502.33333333333,0,0.857142857142857,0,0,0.142857142857143,0
23274,2.6,3.13333333333333,2.8,3.3,2.4,2.6,3.2,2.55,3.2,3.06666666666667,8017.13333333333,12616.8666666667,10953.8,9403.4,8199.8,9519.73333333333,747514.6,8823.65,7652.46666666667,8572.13333333333,0,0.8,0.2,0,0,0
23276,3.33333333333333,3.46666666666667,3.25,3.3,3.73333333333333,3.6,3.46666666666667,3.8,3.6,3.66666666666667,25120.8,8145.93333333333,22528.6,16183.35,14703.6666666667,17319.8666666667,12536.0666666667,13911.3,9969.26666666667,14390.0666666667,0,1,0,0,0,0
23278,3.93333333333333,4,3.05,4,3.73333333333333,3.86666666666667,3.4,3.9,3.26666666666667,3.93333333333333,10053.8666666667,7723.86666666667,11988.8,7291.45,7930.26666666667,12065.8,12292.7333333333,8768.5,10619.8,8504.46666666667,0,1,0,0,0,0
23286,3.66666666666667,3.66666666666667,3.9,3.6,3.86666666666667,3.53333333333333,3.93333333333333,3.75,3.93333333333333,3.66666666666667,8393.73333333333,62691.8,4851.05,5318.85,16148.5333333333,5554.73333333333,4023.66666666667,6998.4,4251.26666666667,7221.26666666667,0,0.8,0.2,0,0,0
23287,2.73333333333333,2.86666666666667,2.8,2.95,3.2,3.33333333333333,3.26666666666667,3.3,2.66666666666667,2.66666666666667,13639.2666666667,11091.6,21891.1,13849.5,9669.06666666667,22433,16946.4666666667,14878.25,11279.0666666667,11046.2666666667,0,0,0,0,1,0
23289,2.86666666666667,3.26666666666667,3.3,3.8,3.33333333333333,3.66666666666667,3.26666666666667,3.55,3.26666666666667,3.8,18463.0666666667,22061.5333333333,24131.25,14720.1,10239.7333333333,22174.6666666667,20637.5333333333,12722.9,15401.6666666667,14706.4666666667,0,1,0,0,0,0
23293,2.95833333333333,3.125,3.34375,3.03125,3.125,3.04166666666667,3.79166666666667,3.0625,3.625,2.29166666666667,11641.5416666667,15509.1666666667,5747.84375,9923.0625,11282.125,11215.1666666667,6493.41666666667,16815.875,5237.91666666667,22327.2916666667,0,0.875,0,0,0.125,0
23295,3.26666666666667,3.46666666666667,3.15,3.7,2.66666666666667,3.2,2.86666666666667,3.5,2.6,3.46666666666667,9820.13333333333,7792.13333333333,8333.1,6345.65,12495,12831.2666666667,10799.6666666667,9441.6,12209,6900.66666666667,0,0,0,0.4,0.6,0
23299,3.8,3.4,3.25,3.45,3.4,2.46666666666667,3.8,3.05,3.8,3.06666666666667,14309.4666666667,16174.7333333333,17488.3,13910.1,14874.6,14399.4666666667,8903.26666666667,13870.2,10221.6,13965.1333333333,0,1,0,0,0,0
23313,2.66666666666667,3.26666666666667,3.1,3.15,3.46666666666667,2.53333333333333,3.53333333333333,3.2,3.13333333333333,3.13333333333333,14063.9333333333,70607.1333333333,11788.85,10286.55,12340.5333333333,12448.2666666667,11580.4,137374,11825.9333333333,14370.2666666667,0,0.4,0,0.4,0.2,0
23332,2.5,3.16666666666667,2.625,3.04166666666667,2.38888888888889,3.16666666666667,2.66666666666667,3,2.5,3.27777777777778,10053.3333333333,17691.7777777778,12133,7468.33333333333,20346.3333333333,18829.8888888889,10035.7222222222,24269.7083333333,11063.5,11673.4444444444,0,0.666666666666667,0,0,0.333333333333333,0
23374,3.06666666666667,3.6,3.1,3.25,3.33333333333333,3.33333333333333,3.06666666666667,3.55,3.26666666666667,3.06666666666667,25221.8,22335.4666666667,16213.5,18744.45,12401.1333333333,17253.5333333333,14663.1333333333,17183.05,13306.8,136019,0,0.6,0,0,0.4,0
23385,2.875,3.25,3.46875,2.8125,3.29166666666667,3.04166666666667,3.75,3.25,3.16666666666667,3.125,17099.8333333333,32172.0833333333,197502.53125,19496.15625,12633.2916666667,12856.1666666667,13087.75,19352.96875,12913.9583333333,15643.0416666667,0,0.375,0,0.125,0.5,0
23387,3.06666666666667,3.26666666666667,3.25,3.45,3.2,2.93333333333333,3.2,3.15,3.13333333333333,2.93333333333333,10209.7333333333,8006.8,7520.4,6917.3,5280.33333333333,8061.93333333333,6106.4,8489.1,6170.4,7834.2,0,0.6,0,0,0.4,0
23397,2.8,3.13333333333333,3,3.25,2.6,3.13333333333333,3.2,3.35,2.8,3.33333333333333,8265.93333333333,7049.2,8138.4,7528,8114.06666666667,5924.13333333333,11328.8666666667,8013.1,8932.86666666667,8766.46666666667,0,0.4,0,0,0.6,0
23461,2.53333333333333,3.13333333333333,3.0952380952381,2.68181818181818,2.93333333333333,3.13333333333333,3.4,2.9,3.06666666666667,3.25,12898.8,15168.8,15537.7142857143,16354.3181818182,17345.4,15509.4,9316.26666666667,19832.3,10500.0666666667,17485.875,0,1,0,0,0,0
23492,2.61111111111111,3.55555555555556,3.20833333333333,3.36,3.16666666666667,3.61111111111111,3.27777777777778,3.36,2.42105263157895,3.61111111111111,12404.6111111111,91850.3333333333,13371.0416666667,12114.88,11046.6111111111,8045.72222222222,11485.6666666667,10871.28,16579,13171.9444444444,0,0.164179104477612,0,0,0.17910447761194,0.656716417910448
23502,2.46666666666667,2.73333333333333,2.55,3.45,2.93333333333333,3.46666666666667,2.46666666666667,3.1,3.06666666666667,3.4,11866.3333333333,12166.8666666667,13614.75,9821.85,9834.93333333333,10725.3333333333,10044.5333333333,12089.5,11897.4,12873.8,0,0.2,0,0,0.8,0
23510,2.72222222222222,3.16666666666667,2.54166666666667,3.16666666666667,2.72222222222222,3.16666666666667,3.11111111111111,3.29166666666667,3,3.11111111111111,6318.05555555556,9727.5,8004.875,10684.875,6265.16666666667,10035.5,9593.88888888889,8193.54166666667,8039.55555555556,6847.44444444444,0,0.833333333333333,0.166666666666667,0,0,0
23514,3.4,3,3.3,3.35,3.53333333333333,3.2,3.46666666666667,3.35,3.46666666666667,3.13333333333333,10549.0666666667,11413.0666666667,6882.55,7699.05,10176.3333333333,13300,7903.2,18094.6,10633,9846.46666666667,0,0.2,0,0,0,0.8
23518,3,3.2,3.45,3.5,3.33333333333333,3,3.4,3.4,3.2,3,20037.6666666667,16711.3333333333,12416.35,14904.35,14355.9333333333,8779.4,16068.3333333333,12401.8,9902.53333333333,17682.9333333333,0,0.8,0.2,0,0,0
23521,3.6,3.4,2.95,3.65,3.4,3.13333333333333,3.33333333333333,3.1,3.66666666666667,3.33333333333333,7504.2,9299.2,13342.55,7073.95,7130.73333333333,10790.7333333333,8248.8,7126,8036.93333333333,10931.3333333333,0,1,0,0,0,0
23555,3.23809523809524,2.85714285714286,3.46428571428571,3.39285714285714,3.19047619047619,3.23809523809524,3.57142857142857,3.10714285714286,2.9047619047619,3.28571428571429,18364.380952381,15309.2380952381,12817.6428571429,18176.3214285714,11742.9047619048,22315.1904761905,21805.6666666667,12531.6428571429,15319.7142857143,22086.4285714286,0,0.571428571428571,0.142857142857143,0.142857142857143,0.142857142857143,0
23559,3.05555555555556,3.11111111111111,3.625,3.54166666666667,3.22222222222222,3.16666666666667,3.11111111111111,3.25,2.72222222222222,3.55555555555556,12371.7222222222,13588.5555555556,7572.66666666667,11478.8333333333,8754.55555555555,15874.1111111111,10002.8333333333,11163.9166666667,9113.83333333333,16472.0555555556,0,0.166666666666667,0,0.166666666666667,0.666666666666667,0
23560,2.72222222222222,2.84210526315789,2.72,3.125,3.42105263157895,2.55555555555556,3.15,3.25,3.55555555555556,3.38888888888889,6444.94444444444,6493.26315789474,8614.96,6141.79166666667,5948.73684210526,7050.77777777778,6607.25,6025.41666666667,5545,5576.88888888889,0,1,0,0,0,0
23561,2.8,2.93333333333333,3.55,2.8,3.33333333333333,3.4,3.06666666666667,3.1,2.8,2.73333333333333,9705.6,8568.26666666667,6980.35,7340.55,7368.53333333333,7138.26666666667,13979.4,8343.2,6386.06666666667,7606.93333333333,0,1,0,0,0,0
23573,3,2.53333333333333,3.4,3.45,2.93333333333333,3.26666666666667,2.8,3.6,2.26666666666667,3.33333333333333,11180.0666666667,9378.4,9633.05,11645.3,8852.86666666667,8497.73333333333,8134.4,8291.35,7245.4,11079.3333333333,0.2,0.8,0,0,0,0
23592,3.73333333333333,3.6,3,3.7,2.86666666666667,3.4,3.2,3.4,3.33333333333333,3.53333333333333,12710.8666666667,12317.1333333333,18931.95,7697.15,15076.1333333333,15268.3333333333,16404.3333333333,19744.95,10844.2,12765.5333333333,0,1,0,0,0,0
23596,2.3125,2.33333333333333,2.45,2.55,2.33333333333333,3.06666666666667,2.53333333333333,3.23809523809524,2.66666666666667,3.4,7823.375,8186.26666666667,7876.8,6779.75,9345.13333333333,11420.4666666667,6402.73333333333,8606.85714285714,10801.8666666667,6946.86666666667,0,1,0,0,0,0
23606,3.66666666666667,3.55555555555556,3.41666666666667,3.61538461538462,3.88888888888889,3.66666666666667,4,3.66666666666667,3.3,3.8,11152.4444444444,8742,9437.58333333333,9035.23076923077,12546.6666666667,9290.77777777778,6388.55555555556,11482.6666666667,9838.7,16266.8,0,0.676470588235294,0,0,0.323529411764706,0
23615,2.55555555555556,2.88888888888889,3.16666666666667,2.70833333333333,2.83333333333333,2.05555555555556,3.44444444444444,2.20833333333333,3,2.27777777777778,11571.1666666667,16599.6666666667,8701.125,7760.08333333333,9924.77777777778,11517.6666666667,9675.66666666667,11093.7083333333,9321.44444444445,11279.9444444444,0,0.5,0,0,0.5,0
23619,3.13333333333333,3.2,3.4,3.2,3.46666666666667,3.6,3.33333333333333,3.3,2.93333333333333,3.6,9287.46666666667,10545,9409.65,8134.75,7112.86666666667,8710.26666666667,11281.9333333333,50160.7,11693.8666666667,8913.06666666667,0,0.4,0,0,0.6,0
23643,3.26666666666667,2.66666666666667,2.95,2.15,3.33333333333333,2.4,3.46666666666667,2.5,3.2,2.73333333333333,8687.33333333333,8838.8,12248.1,8802.5,11040.8666666667,12251.2,10221.0666666667,14135,12394.2,9798.73333333333,0,0.8,0,0,0,0.2
23658,3.33333333333333,4,3.25,3.5,3.66666666666667,3.33333333333333,3.33333333333333,3.25,3.66666666666667,3.33333333333333,7451,4646.33333333333,11137.5,15697.25,9274.66666666667,5225.33333333333,5325.33333333333,6881,4567.66666666667,7991.33333333333,0,0,0,0,1,0
23677,3.41666666666667,3.08333333333333,3.40625,3.375,3.83333333333333,2.76,3.54166666666667,3.09375,3.125,2.95833333333333,9859.83333333333,14355.9166666667,15846.5625,15408.53125,8818.45833333333,20975.72,13070.375,15755,12236.25,19142.0833333333,0,0,0.124528301886792,0.249056603773585,0.626415094339623,0
23678,3.16666666666667,3.16666666666667,3.125,3.375,3.5,2.66666666666667,3.55555555555556,2.95833333333333,3.33333333333333,3.55555555555556,5083.33333333333,6124.22222222222,6043.20833333333,6499.16666666667,4820.05555555556,7438.22222222222,7788.55555555556,7937.70833333333,5599.44444444444,4426.27777777778,0,1,0,0,0,0
23683,2.73333333333333,2.66666666666667,2.7,2.8,3.2,2.86666666666667,3.53333333333333,3.1,2.86666666666667,3.06666666666667,8707.86666666667,7307.33333333333,13251.05,4289.3,5197.73333333333,5026.6,7441.8,5500.25,6874.46666666667,6545.66666666667,0,0.8,0,0,0.2,0
23712,3.42857142857143,2.76190476190476,3.17857142857143,3.14285714285714,3,3,3.14285714285714,3.25,2.95238095238095,3.19047619047619,8522.04761904762,7079.85714285714,8734,5614.75,8402.09523809524,8019.85714285714,9891.7619047619,8093.78571428571,5594.90476190476,10975.8095238095,0,1,0,0,0,0
23720,2.72222222222222,3.11111111111111,3.04166666666667,3.41666666666667,2.88888888888889,3,2.44444444444444,3,2.33333333333333,3.16666666666667,9104.83333333333,12012.2777777778,10252.25,9559.16666666667,9908.83333333333,9263.44444444445,1165106.94444444,9015.125,9334.83333333333,14646,0,1,0,0,0,0
23722,3.11111111111111,3.61111111111111,3.75,3.70833333333333,3.16666666666667,3.5,3.61111111111111,3.375,3.61111111111111,3.38888888888889,8187.66666666667,4887.61111111111,8082.20833333333,7884.5,8256,5049.16666666667,7584.72222222222,10495.125,7357.22222222222,9262.05555555555,0,0,0,0.166666666666667,0.5,0.333333333333333
23745,3.28571428571429,3.61904761904762,2.85714285714286,3.57142857142857,3.66666666666667,3.14285714285714,3.28571428571429,3.17857142857143,3.19047619047619,3.38095238095238,12140.5238095238,7497.28571428571,8829.75,8100.71428571429,8537.85714285714,8397.42857142857,6053.7619047619,9801.57142857143,7876.80952380952,7395.80952380952,0,0.857142857142857,0,0,0.142857142857143,0
23761,2.66666666666667,3.46666666666667,3.2,3.15,3.26666666666667,3.13333333333333,3.73333333333333,3.15,3.06666666666667,3.2,20731.6,18841,355923.05,19135.9,14821,31085.0666666667,11939.0666666667,16967.55,17212.6666666667,15080.8666666667,0,1,0,0,0,0
23785,3.18181818181818,3.18181818181818,3.09677419354839,2.96428571428571,3.5,2.91304347826087,3.34782608695652,3.25806451612903,2.90909090909091,3.18181818181818,10144.3636363636,10809.0909090909,9138.06451612903,9933.82142857143,10662.8636363636,12560.2608695652,7905.13043478261,11972.3548387097,7977.40909090909,11738.9090909091,0,0.731707317073171,0,0,0.268292682926829,0
23786,3.6,2.6,2.85,3.25,3.46666666666667,2.33333333333333,3.6,2.45,3.33333333333333,2.46666666666667,5067.66666666667,7632.86666666667,8652.8,8138.15,8031.93333333333,13103.4,5425.46666666667,9931.1,4939.13333333333,8788.26666666667,0,0.8,0,0,0.2,0
23815,3.22222222222222,3.55555555555556,2.95833333333333,3.79166666666667,3.55555555555556,3.61111111111111,3.22222222222222,3.45833333333333,3.44444444444444,3.55555555555556,8658.5,7329.66666666667,9066.08333333333,7407.25,8160.11111111111,10197.3333333333,11488.7777777778,12249.8333333333,8572.61111111111,6762.61111111111,0,0,0,1,0,0
23841,3.33333333333333,3.42857142857143,3.35714285714286,3.35714285714286,3.38095238095238,3.38095238095238,3.23809523809524,3.39285714285714,3.28571428571429,3.38095238095238,14253.4761904762,5427.2380952381,7700.25,6499.57142857143,7564.2380952381,7318.19047619048,9309.95238095238,8652.03571428571,7960.28571428571,7386.09523809524,0,1,0,0,0,0
23888,2.83333333333333,3.5,2.625,2.75,3.66666666666667,3.66666666666667,3.5,2.75,2.16666666666667,3.66666666666667,13375.8333333333,10643,11555,13602,10873.8333333333,10324,9676.16666666667,9331.375,21046.8333333333,10618.8333333333,0,0.5,0,0.5,0,0
24198,2.83333333333333,3.55555555555556,3.45833333333333,3.16666666666667,3.05555555555556,3.38888888888889,3.55555555555556,3.5,3.27777777777778,3.61111111111111,16686.6666666667,8798.83333333333,9243.29166666667,7654.5,11690.1111111111,14222.7777777778,6442.05555555556,11162.2916666667,10313.5555555556,10271.1111111111,0.333333333333333,0,0,0,0.666666666666667,0
24200,2.86666666666667,2.86666666666667,3.95,2.45,3.73333333333333,2.46666666666667,3.8,2.75,3.4,3,8006.13333333333,9801.46666666667,5454.35,8520.6,5552.66666666667,6926.33333333333,6469.46666666667,8288.7,6697.4,11467.6,0,0,0,0,1,0
24302,3.13333333333333,3.4,3.6,3.4,3.33333333333333,3.06666666666667,3.53333333333333,3.3,3.8,3.2,11230.0666666667,8229.86666666667,7187.5,11633.4,6970.86666666667,8678.6,6793.46666666667,7130.95,5363.46666666667,8876.46666666667,0,0.2,0,0,0.6,0.2
24338,2.93333333333333,3.06666666666667,3.2,2.9,3.33333333333333,3.26666666666667,3.2,3.15,2.8,2.86666666666667,17656.2,39942.8,22331.7,17146.45,19548.3333333333,30354.9333333333,30132.4,18783.75,26413.6666666667,34484.7333333333,0,0.2,0.2,0.2,0,0.4
24376,3.33333333333333,3.41666666666667,3.375,3.5625,3.25,3.16666666666667,3.5,3.1875,3.5,3.33333333333333,9656.41666666667,10655.5833333333,7543.375,11815.1875,22128.5,65664.1666666667,6491.66666666667,9609.4375,46761.5,12209.1666666667,0,0.5,0,0,0.5,0
24378,2.44444444444444,3.22222222222222,2.25,3.5,2.77777777777778,3,2.44444444444444,3.16666666666667,2.66666666666667,2.66666666666667,7639,10864,10159.9166666667,11706.25,6594.33333333333,9683.77777777778,18404.7777777778,10804.25,11829.4444444444,15817.8888888889,0,0,0,0,1,0
24507,3.4,3.53333333333333,3.25,3.85,3.73333333333333,3.46666666666667,3.4,3.65,3.46666666666667,3.46666666666667,20669.6666666667,23697.0666666667,27172.45,42495.7,26731.4666666667,33094.4,38766.7333333333,15259.6,26923.6666666667,37758.7333333333,0,0.6,0.4,0,0,0
24551,3,3.66666666666667,3.3,3.4,3.46666666666667,3.4,3.8,3.4,3.33333333333333,3.26666666666667,19491.6666666667,22673.4,17640.35,15291.8,6813.8,41791.4,13581.8666666667,9087.4,6956.53333333333,13849.9333333333,0,0.8,0,0,0.2,0
24585,3.4,3.86666666666667,2.85,3.8,2.8,3.6,2.6,3.4,3.13333333333333,3.4,8724,5943.13333333333,6674.1,7574.6,7000.8,6532.46666666667,7190.06666666667,8608.3,6506.2,40557.1333333333,0,0.2,0,0,0.2,0.6
24723,3.13333333333333,3.73333333333333,3.65,3.6,3.6,3.73333333333333,3.6,3.7,3.8,3.8,12408.3333333333,13624.0666666667,17654.1,21745,130141.133333333,14941,11606.7333333333,8478.9,16636.8,10523.2666666667,0.2,0.8,0,0,0,0
24822,3.08333333333333,3.38888888888889,3.54166666666667,3.39583333333333,3.38888888888889,3.30555555555556,3.52777777777778,3.125,3.33333333333333,3.44444444444444,5232.66666666667,32786.4166666667,6013.89583333333,6605.4375,20918.75,12034.8611111111,9289.97222222222,9083.39583333333,6498.52777777778,7254.41666666667,0,0.0833333333333333,0,0,0.833333333333333,0.0833333333333333
24850,3.2,3.13333333333333,3.4,3.3,3.26666666666667,3.2,3.6,2.8,3.53333333333333,3,7554,10718,13738.85,11063.95,11318.8666666667,10565.2666666667,479425.8,11492.25,9417.33333333333,15549.3333333333,0,1,0,0,0,0
24881,2.4,3.125,2.7,2.65217391304348,2.86666666666667,2.86666666666667,3.1875,3.14285714285714,3,2.93333333333333,9725.86666666667,12328.625,10527.45,9015.30434782609,8579.4,15216,89274.875,10931.7142857143,12715.1875,11153.8666666667,0,1,0,0,0,0
26007,3.53333333333333,2.93333333333333,2.7,3.15,2.93333333333333,3.46666666666667,2.73333333333333,3,3.06666666666667,2.86666666666667,14196.0666666667,18396,15675.85,12922.65,18910.3333333333,20858.9333333333,15946.3333333333,15614.25,14612.9333333333,20123.2,0,0.8,0,0,0.2,0
26391,3,3,3.2,2.9,3.2,3.2,3.6,3.1,2.86666666666667,3,9460,7298.2,7836.1,8695.35,6844.46666666667,11175.2666666667,33835.9333333333,12210.25,5505.73333333333,8499.8,0,1,0,0,0,0
26507,3.06666666666667,3.6,3.3,3.5,3.46666666666667,3.86666666666667,3.4,3.6,3.4,3.66666666666667,10382.2666666667,8880.2,8789.85,10358.9,9327.66666666667,9227.26666666667,7890.06666666667,6683.3,10325.8666666667,9958.6,0,1,0,0,0,0
26771,2.86666666666667,2.73333333333333,3.4,3.2,2.86666666666667,2.73333333333333,3.33333333333333,3.2,2.93333333333333,3.2,13362.7333333333,22295.6,7853.8,9034.25,13243.0666666667,12242,16473.6666666667,10408.15,15535,25895.8,0,1,0,0,0,0
26788,2.86666666666667,2.93333333333333,3.25,3.65,3.4,3.33333333333333,3.66666666666667,3.45,3.4,3.13333333333333,12907.4666666667,15014.3333333333,13649.25,9336.9,6836.86666666667,12102.6666666667,6059.13333333333,11297.45,18728.8666666667,9696.86666666667,0,0,0.4,0,0.6,0
27023,3.26666666666667,3.8,3.7,3.65,3.33333333333333,3.73333333333333,3.86666666666667,3.75,3.73333333333333,3.8,24173.9333333333,14277.8,9581.8,15808.6,12443.3333333333,11697.2,11185.2,11220.75,13389.9333333333,12997.6666666667,0,0,0.2,0.2,0.6,0
28280,2.83333333333333,3,3.5,3.08333333333333,3.11111111111111,3.27777777777778,3.44444444444444,3.08333333333333,3,3.11111111111111,20111.2777777778,31094.4444444444,23023.25,18553,10215.2777777778,21819.5,17756.7777777778,16114.875,14165,14399.2777777778,0,0,0,0,1,0
28508,3.13333333333333,3.53333333333333,3.35,3.8,3.13333333333333,3.6,3.33333333333333,3.8,3.4,3.6,11490.2,17618.4666666667,10152.85,9558.6,10634.2666666667,23560.2,12887.8666666667,10264.9,10711,19530.4666666667,0,0.4,0.2,0,0.4,0
29139,3.2,3.06666666666667,3,3.2,3.06666666666667,3.06666666666667,3.13333333333333,2.65,3.2,2.93333333333333,9272.06666666667,9798.13333333333,12180.75,15758.2,9608.73333333333,21282,10681.4,13090.05,15930.9333333333,15332.6666666667,0,0.2,0,0,0.8,0
29430,3.66666666666667,3.27777777777778,3.16666666666667,3.79166666666667,3.38888888888889,3.27777777777778,3.61111111111111,3.33333333333333,3.61111111111111,3.5,10484.6111111111,11660.1111111111,31221.5833333333,8904.91666666667,70542.8888888889,19653,8550.72222222222,16398.1666666667,8447,9854.33333333333,0,0.166666666666667,0,0,0.833333333333333,0
30400,2.53333333333333,3.26666666666667,3.35,3.4,2.53333333333333,2.93333333333333,3.6,2.3,3.33333333333333,2.13333333333333,16825.6,11598.6,15063.65,17457.3,9429.06666666667,15416.3333333333,13144.6,11718.65,9083,16496.3333333333,0,0.2,0,0.2,0.6,0
31165,2.53333333333333,3.46666666666667,3.8,3.2,3.46666666666667,3.26666666666667,3.73333333333333,3.2,3.53333333333333,3.33333333333333,22553.8,17269,14000.4,16873.95,11024.2666666667,17303.2,17652.6,14637.15,29866.9333333333,65687.7333333333,0,0.2,0,0,0,0.8
31390,3.6,3.4,3.5,3.45,3.26666666666667,3.33333333333333,3.33333333333333,3.75,3.33333333333333,3.4,3536.13333333333,2274.93333333333,2095.2,2975.05,3129.53333333333,2121.33333333333,2179.26666666667,3057.05,1667.8,5180.46666666667,0,0,0,0,1,0
31415,3.71428571428571,3.61904761904762,3.21428571428571,3.67857142857143,3.47619047619048,3.66666666666667,2.95238095238095,3.57142857142857,3.42857142857143,3.76190476190476,13267.8571428571,17366.5714285714,12562.6785714286,15835.7142857143,11284.2380952381,8900.66666666667,18903.2857142857,566056.321428571,22795.9047619048,17896.8571428571,0,0.142857142857143,0.142857142857143,0.142857142857143,0.571428571428571,0
31462,3.04166666666667,3.83333333333333,3.21875,3.90625,3.25,3.79166666666667,3.25,3.625,3.58333333333333,3.58333333333333,22119.4166666667,10943.4583333333,12228.5625,108844.90625,9019.625,17209.2083333333,9059.25,15715.9375,9143.66666666667,12488.3333333333,0,0.125,0,0,0.875,0
31485,3.26666666666667,2.73333333333333,3,3.15,3.6,2.53333333333333,3.33333333333333,2.9,3.2,3.06666666666667,6157.46666666667,9599.33333333333,4741.35,6338.1,4616.26666666667,7386.06666666667,4917.66666666667,5879.65,5046.93333333333,3933.2,0,0.2,0.2,0,0.6,0
31496,3.38888888888889,3.41176470588235,2.86363636363636,3.18181818181818,3.82352941176471,3.625,3.11111111111111,3.82608695652174,3.47058823529412,3.64705882352941,13247.3333333333,14644.8823529412,16819.5,15681.2727272727,45961.1764705882,11197.875,17062.3333333333,13452.347826087,11511.2352941176,11300.5294117647,0,0,0,0,0,1
31548,2.46666666666667,2.6,3.1,2.9,3.4,2.93333333333333,3.4,2.8,2.8,2.93333333333333,23183.0666666667,19361.6666666667,12897.9,38714,11837.1333333333,11746.6666666667,16421.7333333333,24745.4,16839.2666666667,24951.4666666667,0,0,0,0,0.2,0.8
31674,3.05555555555556,3.22222222222222,3.125,3.625,3.22222222222222,2.77777777777778,3.16666666666667,3.16666666666667,2.83333333333333,3.22222222222222,13110.6111111111,23352.7222222222,11941.5833333333,12156.75,8937.55555555555,14787.2222222222,8469.83333333333,13458.375,45479.3888888889,18488.6666666667,0,0.333333333333333,0,0,0.166666666666667,0.5
31817,4,4,3.75,3.75,4,4,4,4,4,4,1851,2067.33333333333,2717.75,4980.5,7796,2567.66666666667,1971.66666666667,1872.5,1374.66666666667,1038.33333333333,0,0,1,0,0,0
32007,3.53333333333333,3.66666666666667,2.5,3.35,3.33333333333333,3.53333333333333,2.6,3.65,3,3.4,15987.4666666667,11768.8666666667,10353.4,12356.35,11132.2,10654.6,12936.1333333333,10349.35,9399.46666666667,12717.8666666667,0,1,0,0,0,0
33715,3.8,4,3.9,3.95,4,4,3.66666666666667,4,3.86666666666667,4,25628.6,17582.1333333333,14299.7,19257.95,15643.7333333333,16926.6666666667,24045.1333333333,26267.75,9570,50723.8,0,0.4,0,0.6,0,0
33719,2.8,2.73333333333333,3.5,3.1,3.26666666666667,2.46666666666667,3.66666666666667,2.9,3.53333333333333,2.86666666666667,11556.8,8409.46666666667,9694.5,10383.25,8728.33333333333,11819.8666666667,12504.5333333333,16255.95,10630.4,17145.5333333333,0,1,0,0,0,0
34028,3.26666666666667,3.33333333333333,3.2,3.05,3.4,3.33333333333333,3.6,3.4,2.53333333333333,3.4,13617.7333333333,12777.1333333333,8554.15,10664.1,10869.5333333333,8528.6,7400.73333333333,10395.95,13507.6,7413.73333333333,0,0,0,0,0,1
34378,3.06666666666667,3.13333333333333,3.1,3.15,3.2,3.73333333333333,3.2,3.7,3.2,3.73333333333333,9844.66666666667,8258.06666666667,10987.4,7773.95,8742.2,9682.6,15637.0666666667,6810.35,11003.0666666667,9816.66666666667,0,0.4,0,0.2,0.4,0
34541,2.83333333333333,2.61111111111111,2.79166666666667,2.91666666666667,2.88888888888889,2.88888888888889,2.88888888888889,2.66666666666667,3.22222222222222,2.88888888888889,11349.5,8748.22222222222,12978.5833333333,9465.20833333333,7863.61111111111,13404.3888888889,13285.9444444444,10821.7083333333,13425,10628.2222222222,0,1,0,0,0,0
34573,3.13333333333333,3.2,3.05,3.15,3.6,2.66666666666667,3.8,2.95,3.4,3.06666666666667,9186.2,5369.13333333333,5431.9,7865.05,7474.13333333333,9949.46666666667,8038.46666666667,9795.85,9430.26666666667,12796.4666666667,0,0,0,0,1,0
34708,3.33333333333333,3.13333333333333,3.65,3.4,3.66666666666667,2.73333333333333,3.86666666666667,2.95,3.8,2.93333333333333,7390,38862.2666666667,4564.4,11296.85,4129.86666666667,11623.0666666667,4960.6,8826.1,5074.33333333333,8719.4,0,0.8,0,0,0.2,0
35051,3.57142857142857,3.66666666666667,3.17857142857143,3.78571428571429,3.85714285714286,3.85714285714286,3.42857142857143,3.60714285714286,3.42857142857143,3.66666666666667,8023.33333333333,6176.09523809524,7535.35714285714,5479.32142857143,6229.14285714286,5731.80952380952,9002.61904761905,6988.92857142857,7188.19047619048,6807.61904761905,0,0.714285714285714,0,0.285714285714286,0,0
36077,3.06666666666667,3.46666666666667,3.35,3.4,3.06666666666667,3.26666666666667,3.2,3,3.06666666666667,3.13333333333333,12042.2666666667,46122.9333333333,117508.3,44031.85,47139.2,10198.9333333333,23678.8,9172.6,16428.6,11776.8666666667,0,0,0.4,0.2,0.4,0
36495,2.53333333333333,2.66666666666667,2.15,2.95,2.86666666666667,2.86666666666667,2.8,2.75,2.33333333333333,2.8,15515.8666666667,6138.2,7408.9,5788.05,4310.53333333333,11902.5333333333,11811.0666666667,8451.45,8406,10267.5333333333,0,0.4,0.2,0,0.4,0
37821,2.86666666666667,3.26666666666667,3,3.65,3.8,3.4,3.4,3.6,3.53333333333333,3.73333333333333,59212.6,11572.0666666667,11153.65,13061.65,8315.06666666667,15872.2666666667,13590.3333333333,14322.15,10273.0666666667,14430.1333333333,0,0.2,0,0,0,0.8
38213,3,2.86666666666667,3.45,2.95,3.26666666666667,3.06666666666667,3.86666666666667,2.9,3.2,3.33333333333333,10684.5333333333,15015.1333333333,16308.35,24366.95,8690.8,24501.6,13943.6666666667,17615.85,11484.3333333333,12193,0,0.4,0,0,0.6,0
38357,3.93333333333333,3.6,3.45,3.7,3.66666666666667,3.4,3.13333333333333,3.4,3.6,3.6,5838.73333333333,24824.0666666667,7680.3,4923.1,5158.26666666667,7509.46666666667,7559.4,7337.95,5391,9715.53333333333,0,0,0,0,1,0
38392,3.22222222222222,2.85185185185185,3.30555555555556,3.13888888888889,3.22222222222222,2.92592592592593,3.33333333333333,3.25,2.96296296296296,3,12266,12937.1111111111,12867.8055555556,14946.4722222222,10273.7777777778,12122.2222222222,7756.96296296296,13460.5555555556,11580.7037037037,10843.7037037037,0,0.888888888888889,0,0,0.111111111111111,0
38531,3.86666666666667,3.93333333333333,3.6,3.85,3.73333333333333,3.93333333333333,3.73333333333333,3.65,3.8,3.8,3821.06666666667,4031.26666666667,4267.5,3542.45,4399.33333333333,7700.66666666667,7057.06666666667,5238.15,4473.4,5021.66666666667,0,0,0,0.2,0.8,0
41744,3.26666666666667,3.46666666666667,3.2,3.4,3.13333333333333,3.86666666666667,3.33333333333333,3.75,3.4,3.4,11101.2,15740.5333333333,9448.35,7915.45,11558.2666666667,10776.1333333333,9992.26666666667,8464.75,14649.2,10684.6666666667,0,1,0,0,0,0
42265,3.06666666666667,3.4,3.5,3.45,3.33333333333333,2.46666666666667,3.66666666666667,2.8,3.33333333333333,3.13333333333333,9505.6,9948.93333333333,12740.3,9791.45,11839.6,14560.7333333333,9204.53333333333,13646.1,7601.26666666667,10212.4666666667,0,0,0,0,1,0
42546,3.53333333333333,3.2,3.55,3.45,3,2.46666666666667,3.33333333333333,3.15,3.53333333333333,3.4,10230.8,8588,37546.95,11307.65,8042.4,9444.53333333333,8397.4,11497.45,6334.13333333333,13602.1333333333,0,0,0,0.6,0.4,0
42864,2.66666666666667,3.26666666666667,2.6,2.9,3.2,3.4,2.86666666666667,3.65,2.66666666666667,3.53333333333333,96453.6,19405.8666666667,11966.55,12074.8,10005.5333333333,11254.6,8296.13333333333,9485.5,10819.4666666667,16837.0666666667,0,0.8,0.2,0,0,0
42972,3.13333333333333,3.13333333333333,2.25,3.25,3.53333333333333,2.26666666666667,2.4,2.65,3.4,3.53333333333333,7042.33333333333,8829.26666666667,12857.8,8490,6835.6,8274.33333333333,8284.2,11882.55,7496.53333333333,6320.53333333333,0,0.2,0,0,0.6,0.2
43101,3.73333333333333,3.4,3.8,3.9,3.53333333333333,3.53333333333333,3.4,3.7,3.4,3.6,8378.53333333333,11901.0666666667,6478,8916.3,7181.53333333333,8430,9461.13333333333,6579.15,8428.73333333333,9705.33333333333,0,0,0,0,1,0
43289,3.58333333333333,3.20833333333333,3.5,3.5625,3.25,2.625,3.29166666666667,3.0625,3.20833333333333,3.16666666666667,13796.4583333333,10130.3333333333,10138.84375,12862.8125,10998.625,13861.7083333333,8384.20833333333,10495.625,8034.375,15292.25,0,0.375,0,0,0.625,0
43342,3.2,3.73333333333333,2.75,3.95,3.4,3.46666666666667,3.06666666666667,3.35,3.4,3.4,11906.2,14541.2666666667,11482.3,9430.15,16554.7333333333,9596.73333333333,10659.7333333333,12556.25,14141.8,17315.9333333333,0,0,0.2,0,0.8,0
43423,3.33333333333333,3.66666666666667,3.25,3.75,3,4,2.66666666666667,3.5,3.66666666666667,3.33333333333333,5031,5124.66666666667,7194.25,6125.5,5614,5923,9547.66666666667,4137.25,5154.33333333333,15704.3333333333,0,0,0,0,1,0
43456,3.66666666666667,3.61111111111111,3.45833333333333,3.45833333333333,3.55555555555556,3.55555555555556,3.38888888888889,3.54166666666667,3.27777777777778,3.44444444444444,14892.1666666667,13317.8888888889,13555.125,12365.7916666667,10642.5,23006.8888888889,10523.2777777778,13663.25,12340.8333333333,18209.3888888889,0,0.666666666666667,0,0.166666666666667,0.166666666666667,0
43732,3.2,2.86666666666667,3,2.7,2.8,3.2,3.6,2.95,2.66666666666667,2.66666666666667,13156.0666666667,13109.2666666667,7036.05,7946.1,7622.13333333333,7472.8,7558.53333333333,8534.9,8142.93333333333,7810.2,0,0.8,0,0,0.2,0
43835,3.47619047619048,3.47619047619048,3.35714285714286,3.39285714285714,3.76190476190476,3.33333333333333,3.71428571428571,3.64285714285714,3.38095238095238,3.71428571428571,15294.9523809524,16740.5714285714,9955.78571428571,213616.428571429,10447.8571428571,11734.8095238095,9402.38095238095,11473.4642857143,9108.28571428571,9387.42857142857,0,0.142857142857143,0.142857142857143,0,0.714285714285714,0
44236,3.4,3.4,3.3,3.1,3.46666666666667,3,3.46666666666667,3.25,3.46666666666667,3.26666666666667,10527.4,11624.4666666667,52304.2,9814.05,6582.66666666667,12305,18914.8666666667,9770.4,8632.6,7900.26666666667,0,0.8,0.2,0,0,0
44460,3.44444444444444,3.44444444444444,3.16666666666667,3.45833333333333,3.05555555555556,3.22222222222222,3.22222222222222,3.20833333333333,3.38888888888889,3.5,8910.88888888889,7935.16666666667,10674.75,11657.375,10919.0555555556,13774.3333333333,11539.7777777778,10057.125,10892.6111111111,11200.2777777778,0,0,0,0.166666666666667,0.333333333333333,0.5
44577,3.5,3.66666666666667,3.75,3.66666666666667,3.72222222222222,3.66666666666667,3.88888888888889,3.70833333333333,3.66666666666667,3.77777777777778,20310.5,19827.2222222222,7318.29166666667,11020,11429.6666666667,21950.6666666667,12311.0555555556,14508,15048.3888888889,8858.27777777778,0,1,0,0,0,0
44579,2.86666666666667,3.13333333333333,2.3,3.2,3.33333333333333,3.13333333333333,2.2,3.1,2.66666666666667,3.26666666666667,17614.1333333333,14593.4666666667,12392.35,8756.7,8257.86666666667,25051.4,13009.4,16957.1,9278.46666666667,9553.93333333333,0,0,0,0,0,1
44762,3.66666666666667,3.66666666666667,3.5,3.75,3.66666666666667,3.4,3.26666666666667,3.55,3.26666666666667,3,21504.7333333333,10831.4,47940.1,10029.1,7109.06666666667,7118.53333333333,6982.26666666667,20010.35,11225.8,59000.5333333333,0,0.2,0,0,0.8,0
44780,2.66666666666667,3.05555555555556,3.25,2.83333333333333,3.05555555555556,3.16666666666667,3.44444444444444,3.08333333333333,3.38888888888889,3.22222222222222,14045.4444444444,11177.8888888889,16305.2083333333,10606.375,11204.7222222222,20843.7222222222,15838.0555555556,21410.25,13658.8333333333,14678.7222222222,0,0,0,0,1,0
44914,3.2,3.33333333333333,3.55,3.55,3.46666666666667,3.33333333333333,3.33333333333333,3.3,3.53333333333333,3.2,7581,7284.13333333333,19689.8,4947.6,13916.8,9234.4,14825.9333333333,14272.2,5634.33333333333,7975.93333333333,0.2,0,0,0,0.8,0
44942,3.26666666666667,3.2,3.2,3.85,3.73333333333333,3.46666666666667,3.4,3.45,3.13333333333333,2.73333333333333,13694.4666666667,10946.2,12521.75,14994.15,7148.06666666667,15840.8666666667,10923.0666666667,13692.45,10511.3333333333,12670.3333333333,0,0,0,0,1,0
45124,3.13333333333333,3.4,3.3,3.4,3.6,2.73333333333333,3.6,2.45,3.53333333333333,2.73333333333333,7759.06666666667,9392.8,9242.75,7844.85,9663.26666666667,7980.4,12728.8666666667,10108.2,6090.2,46661.9333333333,0,0.2,0,0,0.8,0
45440,3.6,3.33333333333333,3.2,3.3,3.66666666666667,3.33333333333333,3.6,3.4,3.4,3.73333333333333,4311.93333333333,5799.2,5978.35,4226.45,3251.93333333333,5906.8,5123.4,5399.55,4471.13333333333,7169.2,0,0.4,0,0,0.6,0
45579,3.19047619047619,3.0952380952381,3.07142857142857,2.71428571428571,3.57142857142857,3.38095238095238,3.23809523809524,3.57142857142857,3,3.33333333333333,9502,9451.95238095238,17130.9285714286,15138.3928571429,6392.33333333333,8571.7619047619,8767.38095238095,9331,7210.66666666667,14176.8571428571,0,0.285714285714286,0,0.142857142857143,0.571428571428571,0
45766,2.74074074074074,3.14814814814815,2.75,3.11111111111111,3.22222222222222,2.81481481481481,3.44444444444444,2.97222222222222,3.03703703703704,3.14814814814815,18429.0740740741,19254.7777777778,19539.5555555556,13401.0833333333,13243.5555555556,16530.2222222222,18804.2592592593,17724.6666666667,13314.0740740741,23091.3703703704,0,0,0,0,1,0
46094,3.0952380952381,3.28571428571429,3.35714285714286,3.21428571428571,3.28571428571429,3.23809523809524,2.9047619047619,3,2.9047619047619,3.28571428571429,14819.8571428571,15888.0476190476,16140.3571428571,15113.1785714286,16673.5238095238,12778.8571428571,17409.8571428571,16232.0714285714,10524.3333333333,18687.2380952381,0,0.142857142857143,0,0.142857142857143,0.714285714285714,0
46234,3.55555555555556,3.55555555555556,3.20833333333333,3.5,3.5,3.33333333333333,3.16666666666667,2.91666666666667,3.27777777777778,3.27777777777778,12221.3333333333,12208.7222222222,12658.8333333333,11502,7926.5,14695.6111111111,11601.0555555556,13348.9166666667,44367.7777777778,13668.4444444444,0,0.166666666666667,0.333333333333333,0,0.5,0
46330,3.2,3,2.8,3.25,3.33333333333333,3.26666666666667,3.53333333333333,3,3.4,2.86666666666667,7334.26666666667,14705.4,10237.35,8141.8,9625.06666666667,6935.26666666667,8377.53333333333,17120.75,6697.86666666667,8886.93333333333,0,0.8,0,0,0.2,0
46335,3.06666666666667,3.2,3.2,3.4,3.26666666666667,3.2,3.6,3.3,3.6,3.4,15715.4666666667,10759,10930.95,10957.35,10878.3333333333,13297.9333333333,13948.0666666667,13730.65,9469.66666666667,9548.4,0,0.2,0.2,0,0.6,0
46486,3.4,3.53333333333333,3.8,3.6,3.66666666666667,3.33333333333333,3.8,3.15,3.6,3.2,12947.8,13544.5333333333,9626.7,16950.35,9992.26666666667,13463.2,9424.93333333333,20251.8,11708.4666666667,13172.5333333333,0,0,0.2,0,0.8,0
46488,3.26666666666667,3.53333333333333,3.25,3.4,3.6,3.26666666666667,3.46666666666667,3.2,3.46666666666667,3.46666666666667,25409.2666666667,17424.0666666667,25816.9,20359.05,19809.7333333333,25142.6666666667,59871.2666666667,23025.5,21654.4666666667,20056.5333333333,0,0.2,0.2,0,0,0.6
46546,3.77777777777778,3.77777777777778,3.25,3.83333333333333,3.77777777777778,3.77777777777778,3.16666666666667,3.70833333333333,3.72222222222222,3.66666666666667,5790.66666666667,6783.66666666667,11354.4166666667,7389.83333333333,6229.88888888889,10468.7777777778,10742.8888888889,8462.95833333333,4751.88888888889,4659.05555555556,0.166666666666667,0,0,0,0.833333333333333,0
46769,3.13333333333333,3.66666666666667,3.35,3.75,3.13333333333333,3.53333333333333,3.66666666666667,3.4,3.6,3.4,8247.8,9692.6,12715.9,5587.35,10710.0666666667,5770.73333333333,7460.66666666667,10093.8,14854.5333333333,16605.6666666667,0,1,0,0,0,0
46885,3.33333333333333,3.61111111111111,3,3.45833333333333,3.55555555555556,3.44444444444444,3.16666666666667,3.41666666666667,3.27777777777778,3.55555555555556,19651,15639.5,13418.0833333333,12124.4166666667,14466,13545.5555555556,12678.3888888889,10438.5416666667,11387.8888888889,19548.8333333333,0,0,0.166666666666667,0.166666666666667,0.666666666666667,0
47135,3.33333333333333,3.46666666666667,3.9,3.45,3.4,3.6,3.73333333333333,3.55,3.73333333333333,3.2,10136.6,8150.26666666667,12672.05,11339.55,10906.4,12947.5333333333,10026.0666666667,13617.7,6316.06666666667,13329.1333333333,0,0,0,0,1,0
47307,2.66666666666667,3.19047619047619,3.10714285714286,3.07142857142857,3.28571428571429,3,3.33333333333333,3.10714285714286,2.95238095238095,3.19047619047619,8015.09523809524,8369.90476190476,10233,226583.857142857,8020.04761904762,12490.5238095238,7496.04761904762,9327.96428571429,7385.80952380952,11209.1428571429,0,0,0,0,1,0
47376,2.73333333333333,3.13333333333333,3,3.15,3,3.4,3.26666666666667,3.3,2.73333333333333,2.8,16568.8,13341.8666666667,10112.8,12303.25,10613.2,10432.8,7725.86666666667,12335.95,8235.66666666667,20101,0,0.2,0,0,0.8,0
48132,3.73333333333333,3.73333333333333,3.35,3.65,3.73333333333333,3.4,3.4,3.3,3.4,3.46666666666667,22189.3333333333,15915.0666666667,15244.8,15953.9,10808.5333333333,12677.9333333333,10485.4666666667,16510,13351.2,17663.0666666667,0,0.2,0,0.2,0.6,0
48167,2.53333333333333,2.46666666666667,3.05,2.95,3.06666666666667,2.26666666666667,2.86666666666667,2.85,2.53333333333333,2.86666666666667,12511.2,10574.6666666667,10896.05,9600.05,9559.06666666667,8352.2,9671,11627.4,9818.4,8802.86666666667,0,0.2,0.2,0,0.6,0
48619,3.77777777777778,2.66666666666667,3.25,3.25,3,3.33333333333333,2.88888888888889,3.75,3,3.44444444444444,3470.66666666667,6887.66666666667,4162.33333333333,6933.25,7021.44444444444,4891.22222222222,4530.33333333333,11937.6666666667,5037.66666666667,8269.44444444445,0,0,0,0,1,0
72974,2.93333333333333,2.86666666666667,2.65,3.15,3.53333333333333,3.2,2.8,3.2,2.2,3.26666666666667,13072.8666666667,20536.8666666667,18102.9,16040.1,13010.6666666667,19049.1333333333,12239.3333333333,12091.15,14664.4,23419.9333333333,0,0,0,0,1,0
73343,3.5,3,3,3.5,3.5,3,2.5,3.66666666666667,3,3.5,4632,3886.5,5679,8804,5223,8367,18013,17818.3333333333,4930.5,7589,0,0,0,0,1,0
73355,3.66666666666667,3.4,2.9,3.45,3.66666666666667,3.53333333333333,3.06666666666667,3.65,2.86666666666667,3.6,5839.4,10437.6666666667,13307.15,12275.95,6178.13333333333,28450.5333333333,12912.4,12682.15,12567.6,7868.93333333333,0,0,0,0.2,0.8,0
73469,2.77777777777778,3.11111111111111,3.83333333333333,3.08333333333333,3.11111111111111,2.88888888888889,3.88888888888889,2.58333333333333,2.88888888888889,2.77777777777778,10066.7777777778,10294.6666666667,11430.5,13640174.5,18525.8888888889,16883.4444444444,7192.11111111111,73542.5833333333,7665.77777777778,13326.7777777778,0,0.333333333333333,0.333333333333333,0,0,0.333333333333333
73597,3.5,3.66666666666667,2.375,3.875,3.66666666666667,3.33333333333333,3.33333333333333,3.5,3.5,3.16666666666667,4609,5592.66666666667,5284.75,12340,7713.66666666667,9288,8769,7815.875,4361.16666666667,8037.33333333333,0,1,0,0,0,0
73660,3.93333333333333,3.8,4,4,3.8,3.8,4,3.75,3.73333333333333,3.6,4795.4,3043.6,4514.05,4653.45,6581.8,6366.6,6300.06666666667,10975.15,4294.4,4125.73333333333,0.4,0,0.2,0,0.4,0
74082,3.2,3.4,2.85,3.4,2.86666666666667,3.4,3.2,3.45,3.33333333333333,3.73333333333333,23017.2666666667,16893.1333333333,13828.9,15541.2,10799.4,9882.33333333333,9932.4,12382.4,13716.1333333333,17093.8666666667,0,0.8,0,0,0.2,0
74425,3.5,3.66666666666667,4,4,3.83333333333333,3.66666666666667,3.66666666666667,4,3.16666666666667,4,21130.8333333333,8941.83333333333,10252.25,10720.25,7804.83333333333,14397,12446.6666666667,8805.625,11489.5,12462.6666666667,0,0,0.5,0,0.5,0
74477,3,3.33333333333333,3.6,3.15,3.33333333333333,3.33333333333333,3.8,3.3,3.26666666666667,3.53333333333333,7730.06666666667,10605.8,12297.3,9217.7,9063.33333333333,11774,15160.0666666667,9122.7,10650.5333333333,8681.73333333333,0,0,0,0.2,0.6,0.2
74534,3.86666666666667,3.4,3.55,3.3,3,2.66666666666667,3.53333333333333,2.75,2.93333333333333,2.93333333333333,7067.06666666667,7009.66666666667,11772.85,9037.1,10323.3333333333,10548.2666666667,9750.06666666667,7633,8290.53333333333,8004.13333333333,0,0,0,0,1,0
74565,3.57142857142857,3.57142857142857,3.21428571428571,3.67857142857143,3.57142857142857,3.52380952380952,3,3.53571428571429,2.85714285714286,3.57142857142857,8819.2380952381,18675.3333333333,13255.8214285714,10074.9285714286,8430.90476190476,9758.66666666667,16465.4761904762,14950.1071428571,8698.2380952381,12354.9523809524,0,1,0,0,0,0
74594,3,3.33333333333333,3.25,2.75,3.66666666666667,3,3.66666666666667,3,3.33333333333333,3,13217.3333333333,47029,12254.75,9287,15260,13420.3333333333,19850,8153.25,13248.6666666667,32319.6666666667,0,0,0,1,0,0
74637,3.4,3.86666666666667,3.9,3.75,4,4,3.93333333333333,4,3.93333333333333,3.86666666666667,5484.86666666667,4321.53333333333,4184.05,9060.8,21281.6,7183.26666666667,5225.2,4303.25,5253.46666666667,8868.13333333333,0,0,0,0,1,0
74671,3.2,3.06666666666667,3,3.3,3.6,3.26666666666667,3,3.6,2.93333333333333,3.2,5054.26666666667,6410.6,7300.55,8778.15,5300,5109.53333333333,6538.26666666667,5694.55,7276.33333333333,10294.2666666667,0,0,0,0,0,1
74695,3,3.46666666666667,3.2,3.65,3.33333333333333,3.4,3.06666666666667,3.4,3.4,3.6,13162.1333333333,12564.5333333333,20765.45,12456.6,16151.4,16154.6,9774.66666666667,17735.95,11315.8666666667,11005.1333333333,0,1,0,0,0,0
74702,3.93333333333333,3.06666666666667,3.2,3.55,3.46666666666667,3.73333333333333,3.13333333333333,3.45,2.46666666666667,3.33333333333333,4497.86666666667,18525.5333333333,10723.45,10725.5,10342.9333333333,7500.6,11564.7333333333,8722.5,7460.73333333333,8995.8,0,1,0,0,0,0
74733,3.4,3.06666666666667,3.05,3.45,3.53333333333333,3.53333333333333,3.06666666666667,3.5,2.6,3,5578.6,12649.8,10983.85,11559.55,11413,14795.8,12865.7333333333,7746.25,7146.4,13881.6,0,0.6,0,0.2,0,0.2
74762,3.22222222222222,3.61111111111111,3.54166666666667,3.58333333333333,3.83333333333333,3.22222222222222,3.61111111111111,3.625,3.22222222222222,3.66666666666667,10544.7777777778,22052.1111111111,10243.3333333333,18818.625,6633.83333333333,8446.27777777778,6062.22222222222,7535.75,12810.1111111111,13301.6111111111,0,0.833333333333333,0,0,0.166666666666667,0
74850,2.75,3.51851851851852,3.43243243243243,3.63888888888889,3.2962962962963,3.71428571428571,3.74074074074074,3.52631578947368,3.21428571428571,3.51851851851852,14165,12847.5555555556,288833.783783784,14382.6666666667,9635.44444444445,10755.3571428571,10878.4814814815,10170.8157894737,10457,9477.14814814815,0,0.346534653465347,0.435643564356436,0.108910891089109,0.108910891089109,0
74858,2.73333333333333,3.26666666666667,3.25,3.2,3.4,3,3.2,2.95,3.13333333333333,3.33333333333333,15860.1333333333,17188.1333333333,10034.9,21207.55,6211.6,46909.5333333333,6118.6,13811.5,5497.53333333333,6491.26666666667,0,0,0,0,0.8,0.2
75123,3.53333333333333,3.73333333333333,3.75,3.6,3.4,3.6,3.46666666666667,3.7,3.4,3.66666666666667,6823.53333333333,12008.1333333333,6841.5,10050.85,7342.66666666667,6563.46666666667,9625.33333333333,6602.55,8032.4,6962.46666666667,0,0,0.2,0,0.8,0
75182,2,3.66666666666667,0.75,3.75,1,2,0.666666666666667,2.75,2.66666666666667,0,13743,35553.6666666667,14220.5,27047,14615,44510.6666666667,17644.6666666667,31492.5,15014.6666666667,16815.6666666667,0,1,0,0,0,0
75185,3.38888888888889,2.88888888888889,3.66666666666667,3.20833333333333,3.22222222222222,3.22222222222222,3.38888888888889,3.20833333333333,2.5,3.16666666666667,9815.55555555555,13587.7777777778,13430.5833333333,15061.875,8853.33333333333,12322.1666666667,9369.05555555555,9321.875,83105.9444444444,8626.44444444445,0,0.166666666666667,0,0.833333333333333,0,0
75345,3,3.73333333333333,2.9,3.65,3.53333333333333,4,3.2,3.8,2.26666666666667,3.53333333333333,16646.6,11457.2,14247.95,11049.35,11995.8666666667,8681.4,10491.9333333333,12006.65,8834,12184.3333333333,0,1,0,0,0,0
75351,2.8,3.13333333333333,3.4,3.2,3.06666666666667,3.06666666666667,3.66666666666667,3.4,3.2,3.53333333333333,9644.66666666667,12511.5333333333,8802.15,10560.7,8077.2,9197.13333333333,7810.8,10696.65,10158.0666666667,10865.0666666667,0,0.4,0.2,0,0.4,0
75374,3.83333333333333,3.11111111111111,3.33333333333333,3.45833333333333,2.83333333333333,2.61111111111111,3.22222222222222,2.79166666666667,3.11111111111111,2.38888888888889,284303.944444444,10115.8888888889,16832.5416666667,16608,10708.8333333333,19765.3888888889,12305.5555555556,13494.9166666667,9146.66666666667,18090.2222222222,0,0,0,0,1,0
75395,3.5,3.27777777777778,3.70833333333333,3.45833333333333,3.22222222222222,3.16666666666667,3.66666666666667,3.25,3.33333333333333,3.5,33343.7777777778,19394.0555555556,18492.7083333333,21582.1666666667,17332.7777777778,21333.4444444444,15598.2222222222,17588.75,12251.0555555556,15161.1666666667,0,0.333333333333333,0,0,0.666666666666667,0
75943,3.8,3.93333333333333,3.6,4,3.8,4,3.33333333333333,4,3.53333333333333,4,8544.93333333333,7358.53333333333,13052.95,30904.4,10807.3333333333,32054,12903.5333333333,7554.55,8079.26666666667,4845.4,0,0.6,0.2,0,0.2,0
75947,2.93333333333333,3.53333333333333,3.5,3.85,3.73333333333333,3.8,3.46666666666667,3.45,2.73333333333333,3.8,5393.66666666667,17542,5621.9,6013.5,4974.4,5762,7566.13333333333,5454,4208.8,4776.8,0,1,0,0,0,0
75958,3.94444444444444,3.44444444444444,3.70833333333333,3.66666666666667,3.5,3.5,3.77777777777778,3.5,2.88888888888889,3.22222222222222,9958,8952.33333333333,9804.08333333333,8970.29166666667,10230.2222222222,10551.2222222222,6096.94444444444,11355.1666666667,8230.5,16304.3888888889,0,0,0,0,0.166666666666667,0.833333333333333
75962,3.46666666666667,3.4375,2.61904761904762,3.59090909090909,3.0625,3.5625,2.5625,3.18181818181818,2.93333333333333,3.25,8812.06666666667,12798.75,8481,7676.31818181818,9052.5,5845,9318.3125,8814.95454545455,7629.06666666667,10246.875,0,0.565714285714286,0,0,0.434285714285714,0
75995,3.4,3.33333333333333,3.8,3.65,3.86666666666667,3.6,3.8,3.7,3.66666666666667,3.73333333333333,4064.4,3757.86666666667,4765.4,5556,3955.06666666667,6081.46666666667,6141,5988.15,7129.53333333333,4894,0,0,0,0,1,0
76354,3.46666666666667,3.6,3.45,3.5,3.6,3.6,3.86666666666667,3.75,3.46666666666667,3.8,8494.13333333333,13102.0666666667,7309.55,8937.75,10154.8,7456.6,8652,8582.95,9808.53333333333,8645.13333333333,0,0.4,0,0,0.2,0.4
76377,3.46666666666667,3.33333333333333,3.9,3.35,3.53333333333333,3.53333333333333,3.86666666666667,3.55,3.46666666666667,3.46666666666667,9588.8,15323.6,7152.85,9242.7,7291.2,11457.2666666667,10846.2,11452.5,10417.4,10408.4,0,0,0,0.4,0.6,0
76524,2.9047619047619,2.9047619047619,3.67857142857143,3.10714285714286,3.28571428571429,3.23809523809524,3.80952380952381,3.14285714285714,3.14285714285714,2.76190476190476,11869.8095238095,12488.6666666667,11714.6785714286,11238.2142857143,6530.85714285714,11810.8095238095,8352.19047619048,16481.0714285714,9280.52380952381,14366.5714285714,0.142857142857143,0,0,0,0.857142857142857,0
76784,3.06666666666667,3.26666666666667,2.25,3.65,2.66666666666667,2.86666666666667,2.66666666666667,2.75,2.8,2.6,12877.4666666667,27713.5333333333,11349.7,14928.7,9847.53333333333,15929.2,16632.1333333333,19954.3,17049.0666666667,14397.6,0,0,0,0,1,0
76787,3.4,2.86666666666667,3.3,2.85,2.26666666666667,3.2,3.6,3.15,2.73333333333333,3,5418.4,9373.4,6274.8,5597.5,8051.13333333333,9728.2,9550.46666666667,6676.6,4746.06666666667,7162.6,0,0.4,0,0,0.6,0
76926,3.4,3.06666666666667,3.05,3.1,2.73333333333333,2.26666666666667,3.06666666666667,2.95,2.06666666666667,2.26666666666667,7643.93333333333,8172.46666666667,10460.05,6053.5,6250.53333333333,9752.13333333333,9497.6,9232.05,8807.8,10608.1333333333,0,0,0,0,1,0
77078,2.4,2.73333333333333,3.6,3.05,3.2,2.6,3.53333333333333,2.85,3.26666666666667,2.8,8914.6,18114.1333333333,10904.3,13319.45,9712.46666666667,18645.2666666667,10052.9333333333,17565.55,8455.66666666667,14256.6,0,0,0,0,1,0
77624,3.53333333333333,2.93333333333333,3.2,3.45,3.66666666666667,3.33333333333333,3.46666666666667,3.35,3.2,3.4,7514.13333333333,11492.8666666667,7742.4,9178.1,7073.8,8419.86666666667,23190.7333333333,8919.75,6256.6,12292.2666666667,0,0,0.2,0,0.8,0
77798,2.75,2.91666666666667,3.3125,3.0625,3.25,3.25,3.66666666666667,3.375,2.75,3.16666666666667,8314.25,8407.33333333333,6286.3125,6159.1875,5353.16666666667,7585.58333333333,7402.08333333333,7718.75,7976,6778.75,0,0.25,0,0,0.75,0
77847,3.33333333333333,2.77777777777778,3.41666666666667,3.5,2.88888888888889,3.55555555555556,2.66666666666667,3.25,2.55555555555556,3.44444444444444,7592.33333333333,12319.6666666667,5561.41666666667,4731.41666666667,8637.33333333333,6450.22222222222,11186.3333333333,8608,84739.6666666667,8492.11111111111,0,1,0,0,0,0
79946,3.66666666666667,3.4,3.2,3.85,3.6,3.13333333333333,3.46666666666667,3.2,3.33333333333333,3.33333333333333,9224.06666666667,12080.8666666667,15255.45,11182.85,10428.2666666667,10815.5333333333,8249.46666666667,16103.35,6979.93333333333,11029.6,0,0,0,0,0.8,0.2
82944,3.77777777777778,3.72222222222222,3.54166666666667,3.58333333333333,3.88888888888889,3.61111111111111,3.72222222222222,3.83333333333333,3.5,3.61111111111111,7600.72222222222,8097.38888888889,9655.29166666667,10409.0833333333,5144.22222222222,4645.66666666667,8457.33333333333,102009.541666667,9158.22222222222,8615.55555555555,0,0.833333333333333,0,0,0,0.166666666666667
83101,2.38888888888889,2.66666666666667,2.5,2.58333333333333,2.72222222222222,2.88888888888889,1.88888888888889,2.54166666666667,2.72222222222222,2.27777777777778,2738.38888888889,3300.27777777778,6890.33333333333,3661.5,3216.5,4242.05555555556,7076.61111111111,3819.75,5764.44444444444,4903.16666666667,0,0,0,0.166666666666667,0.833333333333333,0
83541,3.06666666666667,3.26666666666667,2.8,3.5,3.33333333333333,3,3.2,3.05,2.93333333333333,3.13333333333333,7928.26666666667,8987.06666666667,9362.35,6669.05,5700.6,7007.66666666667,5563.33333333333,8664.45,7446.26666666667,8729,0,1,0,0,0,0
