Attrition_Dummy,Age,EnvironmentSatisfaction,Gender_Male,JobInvolvement,JobLevel,JobSatisfaction,MonthlyIncome,NumCompaniesWorked,PerformanceRating,RelationshipSatisfaction,TotalWorkingYears,WorkLifeBalance,YearsAtCompany,YearsInCurrentRole,YearsSinceLastPromotion,YearsWithCurrManager
1,41,2,0,3,2,4,5993,8,3,1,8,1,6,4,0,5
0,49,3,1,2,2,2,5130,1,4,4,10,3,10,7,1,7
1,37,4,1,2,1,3,2090,6,3,2,7,3,0,0,0,0
0,27,1,1,3,1,2,3468,9,3,4,6,3,2,2,2,2
0,32,4,1,3,1,4,3068,0,3,3,8,2,7,7,3,6
0,30,4,1,3,1,3,2693,1,4,2,1,3,1,0,0,0
0,38,4,1,2,3,3,9526,0,4,2,10,3,9,7,1,8
0,36,3,1,3,2,3,5237,6,3,2,17,2,7,7,7,7
0,35,1,1,4,1,2,2426,0,3,3,6,3,5,4,0,3
0,29,4,0,2,2,3,4193,0,3,4,10,3,9,5,0,8
0,31,1,1,3,1,3,2911,1,3,4,5,2,5,2,4,3
0,34,2,1,3,1,4,2661,0,3,3,3,3,2,2,1,2
1,28,3,1,2,1,3,2028,5,3,2,6,3,4,2,0,3
0,29,2,0,4,3,1,9980,1,3,3,10,3,10,9,8,8
0,32,1,1,4,1,2,3298,0,3,4,7,2,6,2,0,5
0,22,4,1,4,1,4,2935,1,3,2,1,2,1,0,0,0
0,53,1,0,2,4,4,15427,2,3,3,31,3,25,8,3,7
0,24,1,0,4,2,3,4011,0,3,4,5,2,4,2,1,3
1,36,3,1,2,1,1,3407,7,4,2,10,3,5,3,0,3
0,34,1,0,3,3,2,11994,0,3,3,13,3,12,6,2,11
1,34,2,1,3,1,1,2960,2,3,3,8,3,4,2,1,3
1,32,2,0,1,1,1,3919,1,4,2,10,3,10,2,6,7
0,42,3,1,3,2,2,6825,0,3,4,10,3,9,7,4,2
0,44,1,0,2,3,4,10248,3,3,4,24,3,22,6,5,17
0,46,2,0,3,5,1,18947,3,3,4,22,2,2,2,2,1
0,33,3,1,3,1,4,2496,4,3,4,7,3,1,1,0,0
0,44,4,1,3,2,4,6465,2,3,4,9,4,4,2,1,3
0,30,4,1,2,1,3,2206,1,3,1,10,3,10,0,1,8
1,39,4,1,3,2,4,2086,3,3,3,19,4,1,0,0,0
1,24,2,1,3,1,4,2293,2,3,1,6,2,2,0,2,0
0,43,4,0,4,1,3,2645,1,3,4,6,2,5,3,1,4
1,50,1,1,2,1,3,2683,1,3,3,3,3,3,2,0,2
0,36,2,0,2,1,1,3419,9,3,4,6,4,1,1,0,0
0,33,3,0,4,2,1,5376,2,3,1,10,3,5,3,1,3
1,26,1,1,1,1,3,2293,1,3,3,1,2,1,0,0,1
0,27,4,1,3,3,3,8726,1,3,4,9,3,9,8,1,7
0,30,3,0,3,2,4,4011,1,4,4,12,3,12,8,3,7
0,37,2,1,3,1,2,3022,4,4,1,8,3,1,0,0,0
0,35,4,1,4,1,4,2269,1,3,4,1,3,1,0,0,1
1,48,1,1,2,3,3,5381,9,3,4,23,3,1,0,0,0
1,28,3,1,3,1,3,3441,1,3,3,2,2,2,2,2,2
0,35,3,1,2,3,1,9884,2,3,3,10,3,4,0,2,3
0,26,3,0,2,2,4,4157,7,3,3,5,2,2,2,0,0
0,33,1,0,3,3,4,13458,1,3,3,15,3,15,14,8,12
0,35,2,1,3,3,1,9069,1,4,4,9,2,9,8,1,8
0,35,3,0,3,1,1,4014,3,3,3,4,3,2,2,2,2
0,31,4,1,3,2,4,5915,3,4,4,10,2,7,7,1,7
0,37,1,1,2,2,3,5993,1,3,3,7,4,7,5,0,7
0,32,1,1,3,2,4,6162,1,4,2,9,3,9,8,7,8
0,38,4,0,3,2,4,2406,1,3,4,10,3,10,3,9,9
0,50,2,0,2,5,3,18740,5,3,4,29,2,27,3,13,8
0,59,1,0,3,3,1,7637,7,3,4,28,2,21,16,7,9
0,55,4,0,3,4,3,14756,2,3,3,21,3,5,0,0,2
0,36,2,1,2,2,2,6499,1,3,3,6,3,6,5,0,3
0,35,2,1,3,1,1,2194,4,3,4,5,2,3,2,1,2
0,29,3,1,3,1,2,2703,0,4,4,6,3,5,4,0,4
0,31,3,1,3,1,2,2501,1,3,2,1,3,1,1,1,0
0,32,2,1,3,2,2,6220,1,3,2,10,3,10,4,0,9
0,31,3,0,3,2,4,4424,1,4,4,11,3,11,7,1,8
0,35,3,1,2,2,1,4312,0,3,2,16,3,15,13,2,8
0,45,4,1,3,3,1,13245,4,3,2,17,4,0,0,0,0
0,37,1,1,3,3,3,13664,4,3,1,16,4,5,2,0,2
0,46,2,1,3,2,2,5021,8,4,4,16,3,4,2,0,2
0,30,4,1,2,2,4,5126,1,3,3,10,2,10,8,3,0
0,35,2,1,2,1,3,2859,1,3,1,6,3,6,4,0,4
0,55,1,1,3,3,4,10239,3,3,4,24,3,1,0,1,0
0,34,1,1,3,2,2,4325,1,3,3,5,3,5,2,1,3
0,56,4,1,1,3,4,7260,4,3,1,37,2,6,4,0,2
0,23,3,1,3,1,1,2322,3,3,3,3,3,0,0,0,0
0,51,4,1,3,1,4,2075,3,4,2,10,3,4,2,0,3
1,46,3,1,2,3,4,9619,1,3,4,9,3,9,8,4,7
0,40,3,1,2,4,2,13503,1,4,4,22,2,22,3,11,11
0,51,3,1,3,2,4,5441,0,4,4,11,1,10,7,1,0
0,32,2,1,3,2,3,5010,1,3,1,12,3,11,8,5,7
0,54,1,0,3,3,3,13549,9,3,1,16,1,4,3,0,3
0,24,1,0,3,2,3,4999,0,4,1,4,2,3,2,0,2
0,28,2,1,3,2,3,4221,1,3,2,5,4,5,4,0,4
0,58,4,1,3,4,3,13872,0,3,3,38,2,37,10,1,8
0,44,2,1,3,2,2,2042,4,3,3,17,4,3,2,1,2
1,37,3,1,3,1,1,2073,4,4,4,7,3,3,2,0,2
0,32,4,1,3,1,1,2956,1,3,4,1,3,1,0,0,0
0,34,1,0,3,2,3,4809,1,3,3,16,3,16,13,2,10
0,37,3,1,2,2,4,5163,5,3,4,17,4,1,0,0,0
0,50,1,0,3,5,2,18172,3,3,1,28,2,8,3,0,7
1,25,3,1,2,2,3,5744,1,3,4,6,3,6,4,0,3
0,22,2,0,3,1,4,2871,1,3,3,1,3,0,0,0,0
0,51,1,0,2,3,1,7484,3,4,3,23,2,13,12,12,8
1,34,1,1,1,2,3,6074,1,4,4,9,3,9,7,0,6
0,34,3,0,2,2,2,4505,6,3,3,12,3,1,0,0,0
0,37,3,1,3,3,4,7428,2,3,1,12,3,5,3,1,3
0,34,3,0,2,3,1,11631,2,3,4,14,3,11,10,5,8
0,36,2,0,3,3,4,9738,0,3,3,10,3,9,7,2,8
0,36,1,0,3,1,4,2835,5,4,1,7,3,1,0,0,0
0,43,3,1,3,4,4,16959,1,3,4,25,4,25,12,4,12
0,30,1,1,1,1,3,2613,1,4,3,10,2,10,7,0,9
0,33,3,1,3,2,2,6146,0,3,1,8,4,7,7,0,7
1,56,2,0,3,1,2,4963,9,3,1,7,3,5,4,4,3
0,51,1,1,3,5,3,19537,7,3,3,23,3,20,18,15,15
1,31,2,1,1,2,3,6172,4,3,2,12,2,7,7,7,7
1,19,4,1,3,1,3,1675,1,3,4,0,2,0,0,0,0
0,22,3,1,3,1,4,2523,0,3,3,3,3,2,1,2,1
0,49,3,0,3,2,1,6567,1,3,3,16,2,15,11,5,11
1,31,2,0,1,2,3,4559,3,3,3,4,3,2,2,2,2
0,26,3,0,3,1,3,2942,1,4,4,8,3,8,7,5,7
0,36,2,1,3,2,2,4941,6,4,4,7,3,3,2,0,1
0,39,4,0,2,2,3,5902,4,3,3,17,4,15,11,5,9
0,30,3,1,3,2,4,6347,0,3,4,12,1,11,9,4,7
0,45,3,1,3,1,4,3452,5,3,2,9,2,6,5,0,3
0,38,4,0,3,2,3,4317,3,4,2,19,3,3,2,2,2
0,30,1,0,3,1,3,2632,1,3,3,5,2,5,4,0,4
0,32,4,1,1,2,4,4668,0,3,4,9,4,8,7,0,7
0,30,2,1,2,1,4,2720,0,3,4,6,3,5,3,1,2
0,41,4,1,2,4,1,17181,4,3,2,21,2,7,6,7,7
0,41,3,1,3,1,1,2238,2,4,4,7,3,5,0,1,4
0,40,2,0,3,2,2,5605,1,3,1,20,3,20,7,2,13
0,35,3,1,3,3,2,7295,1,3,1,10,3,10,8,0,6
0,53,2,1,3,2,3,2306,2,4,4,13,1,7,7,4,5
0,45,2,1,3,2,2,2348,8,3,3,20,1,17,9,0,15
0,32,2,0,3,3,4,8998,1,3,4,9,3,9,8,3,7
0,29,4,1,3,2,3,4319,1,3,1,10,3,10,7,0,9
0,51,2,1,2,2,3,6132,2,3,3,10,3,1,0,0,0
0,58,2,0,2,1,2,3346,4,4,2,9,2,1,0,0,0
0,34,3,0,3,1,3,2231,6,3,4,6,3,4,3,1,2
0,22,3,1,3,1,4,2323,1,4,1,2,3,2,2,2,2
0,27,4,1,3,1,2,2024,6,3,4,6,1,2,2,2,2
0,28,3,1,3,1,4,2713,1,3,3,5,1,5,2,0,2
0,57,3,1,4,3,4,9439,3,3,2,12,1,5,3,1,4
0,50,3,0,3,5,2,19926,3,3,2,21,3,5,4,4,4
0,38,1,0,2,2,4,8686,4,4,3,12,4,8,3,0,7
0,32,3,1,3,1,3,3038,3,4,1,8,3,5,4,1,4
0,27,3,1,3,1,2,3058,0,3,4,6,2,5,2,1,1
1,19,3,0,1,1,1,2325,0,4,1,1,4,0,0,0,0
0,36,4,1,3,1,2,2088,4,3,3,13,2,8,7,7,2
0,30,3,1,3,2,1,3072,1,3,3,12,3,12,9,6,10
0,56,3,0,3,1,1,4257,4,3,3,19,3,2,2,2,2
0,33,3,1,3,1,4,2500,0,3,1,4,4,3,1,0,2
1,19,2,1,2,1,4,1102,1,4,3,1,2,1,0,1,0
0,46,2,0,3,3,1,10453,1,4,3,24,3,24,13,15,7
0,38,3,0,3,1,4,2288,1,3,3,2,3,2,2,2,1
0,34,4,0,3,1,2,2311,2,3,4,9,3,3,2,1,2
1,41,2,0,3,1,2,3140,1,4,4,4,2,4,3,0,2
0,50,3,1,2,1,3,3690,2,3,4,5,2,3,2,0,2
0,53,4,0,4,2,1,4450,1,3,3,5,3,4,2,1,3
0,55,3,1,4,5,2,18722,8,3,4,36,3,24,15,2,15
0,34,4,1,2,2,3,9547,1,3,3,10,2,10,9,1,9
0,51,4,0,3,4,2,13734,3,3,3,21,3,7,7,1,0
0,52,3,1,2,5,3,19999,0,3,1,34,3,33,18,11,9
0,27,4,0,3,1,2,2279,1,3,4,7,2,7,7,0,3
1,35,2,1,2,2,3,5916,3,3,1,8,3,1,0,0,1
0,43,4,1,4,1,4,2089,4,3,4,7,4,5,4,2,2
0,37,2,1,4,1,1,3564,1,3,1,8,2,8,7,1,7
0,42,3,0,3,2,3,5265,2,3,2,11,3,5,3,0,2
0,38,4,1,3,2,4,6261,3,3,1,9,1,7,7,1,7
0,34,4,1,3,1,3,3815,1,3,4,5,4,5,3,2,0
1,38,2,1,3,2,1,6673,7,3,2,17,3,1,0,0,0
1,29,2,0,3,3,4,7639,1,4,4,10,2,10,4,1,9
0,22,4,1,4,1,2,2328,1,3,1,4,2,4,2,2,2
0,36,2,0,3,1,4,2153,1,3,1,8,3,8,1,1,7
0,40,4,1,2,2,4,4876,9,3,4,5,1,3,2,0,2
0,46,4,1,3,3,1,9396,7,3,3,17,3,4,2,0,3
1,32,4,1,1,3,4,10400,1,3,3,14,2,14,8,9,8
0,27,4,0,3,2,3,9981,1,3,4,7,3,7,7,0,7
0,51,2,1,2,3,2,12490,5,3,4,16,1,10,9,4,7
1,30,4,0,3,1,1,2657,5,3,3,8,3,5,2,0,4
0,41,4,0,3,3,4,13591,3,3,3,16,3,1,0,0,0
1,30,3,0,2,2,1,6696,5,3,3,9,2,6,3,0,1
0,45,4,0,2,3,4,8865,6,3,4,23,3,19,7,12,8
0,33,3,0,2,1,2,2622,6,4,4,7,3,3,2,1,1
0,37,2,1,3,3,4,12185,1,3,3,10,3,10,8,0,7
0,38,1,1,3,3,3,10609,0,3,3,17,2,16,10,5,13
0,31,3,1,1,2,3,4345,0,3,4,6,3,5,4,1,4
0,59,3,1,2,1,4,2177,3,3,1,7,3,1,0,0,0
1,29,3,1,2,1,4,2389,1,3,3,4,2,4,3,0,1
0,59,2,1,3,1,3,2267,8,3,4,7,2,2,2,2,2
0,50,4,0,3,5,4,19517,3,3,3,32,2,7,0,0,6
0,43,4,0,3,4,4,16064,5,4,3,22,3,17,13,1,9
1,33,1,0,3,1,1,2707,7,4,1,13,4,9,7,1,7
0,52,1,1,2,5,3,19068,1,3,4,33,4,33,7,15,12
0,32,3,0,3,1,2,3931,2,3,1,6,3,4,3,1,2
0,39,3,0,3,1,3,2232,7,3,3,7,3,3,2,1,2
0,41,3,1,3,2,1,3072,2,3,1,17,2,1,0,0,0
0,31,2,1,3,3,3,13675,9,3,1,9,3,2,2,2,2
0,33,3,0,2,1,4,2911,1,3,3,2,2,2,2,0,2
0,34,4,1,2,2,1,5957,6,3,2,13,3,11,9,5,9
1,37,1,1,3,3,3,10048,6,3,2,17,3,1,0,0,0
0,39,3,0,3,3,3,10938,0,4,4,20,3,19,6,11,8
0,29,3,1,3,1,4,2340,1,3,1,6,3,6,5,1,5
0,42,4,0,4,2,1,6545,3,3,3,10,3,3,2,0,2
0,29,4,1,3,2,4,6931,2,3,4,10,3,3,2,0,2
0,25,1,0,3,2,3,4898,0,3,4,5,3,4,2,1,2
0,40,1,1,3,5,3,19436,0,3,4,22,3,21,7,3,9
0,51,3,1,3,1,4,2723,1,3,2,1,2,1,0,0,0
1,31,3,1,2,1,2,3479,0,3,2,6,4,5,4,1,4
0,32,2,1,4,1,2,2794,1,4,3,5,1,5,1,0,3
0,38,4,1,2,2,4,5249,3,3,4,13,3,8,7,7,5
0,32,4,1,2,2,1,2176,4,3,4,9,3,6,2,0,4
0,46,3,0,1,4,2,16872,3,3,2,28,2,7,7,7,7
1,28,1,1,3,1,3,3485,2,3,3,5,1,0,0,0,0
0,29,1,1,2,2,2,6644,2,3,2,10,3,0,0,0,0
0,25,2,1,4,2,1,4000,1,3,4,6,3,6,3,1,5
0,36,4,1,3,1,4,3210,0,3,3,16,3,15,13,10,11
0,55,4,1,3,5,1,19045,0,3,3,37,3,36,10,4,13
1,47,1,1,3,3,2,11849,1,3,4,10,2,10,7,9,9
0,28,4,1,3,1,4,2070,1,4,4,5,2,5,2,0,4
0,21,4,1,2,1,3,3230,1,3,1,3,4,3,2,1,0
0,37,1,0,3,3,4,13603,2,3,1,15,3,5,2,0,2
0,35,2,0,4,3,2,11996,7,3,2,10,2,7,7,6,2
0,38,1,0,4,2,1,5605,1,4,3,8,3,8,0,7,7
0,26,3,0,3,2,2,6397,1,4,1,6,1,6,5,1,4
0,50,1,1,3,5,2,19144,3,3,1,28,2,10,4,1,6
0,53,3,1,3,4,3,17584,3,3,4,21,2,5,3,1,3
0,42,2,1,3,2,3,4907,1,4,3,20,3,20,16,11,6
0,29,2,1,3,2,4,4554,1,3,1,10,2,10,7,0,9
0,26,1,1,3,2,1,4741,1,3,3,5,3,5,3,3,3
0,37,4,0,3,1,4,2115,1,3,2,17,3,17,12,5,7
1,44,4,1,3,1,3,3161,3,4,4,19,1,1,0,0,0
0,38,4,1,3,2,4,5745,9,3,2,10,3,2,2,1,2
1,26,1,1,3,1,2,2373,2,3,4,5,3,3,2,0,2
0,28,4,0,3,1,4,3310,1,4,4,5,3,5,3,0,2
0,49,3,0,3,5,1,18665,9,3,4,22,3,3,2,1,2
0,36,3,1,3,2,2,4485,4,3,4,10,3,8,0,7,7
0,31,4,0,3,1,2,2789,1,3,3,2,2,2,2,2,2
1,26,4,1,2,2,4,5828,1,3,2,8,3,8,7,7,4
0,37,2,1,3,1,4,2326,1,3,3,4,2,4,2,1,2
0,42,3,0,3,4,2,13525,5,3,4,23,4,20,4,4,8
0,35,3,1,3,3,2,8020,0,3,3,12,2,11,9,6,9
0,36,3,1,4,1,4,3688,4,3,4,4,3,1,0,0,0
0,51,4,1,1,2,2,5482,5,3,4,13,3,4,1,1,2
0,41,4,1,3,4,2,16015,1,3,2,22,3,22,10,0,4
0,18,4,0,2,1,3,1200,1,3,1,0,3,0,0,0,0
0,28,2,1,4,2,1,5661,0,3,3,9,3,8,3,0,7
0,31,2,1,4,2,4,6929,4,3,2,10,2,8,7,7,7
0,39,3,1,4,3,4,9613,0,3,1,19,2,18,10,3,7
0,36,2,0,3,2,2,5674,7,3,3,11,3,9,8,0,8
0,38,1,0,2,3,2,12061,3,3,3,19,3,10,8,0,1
0,58,4,1,1,2,3,5660,2,3,4,12,3,5,3,1,2
0,31,3,1,3,1,4,4821,0,3,3,6,3,5,2,0,3
0,31,1,1,2,2,1,6410,3,3,4,9,3,2,2,1,0
0,45,1,1,3,3,1,5210,1,3,1,24,3,24,9,9,11
0,31,3,1,3,1,4,2695,0,3,2,3,1,2,2,2,2
0,33,4,0,3,3,2,11878,6,3,2,12,3,10,6,8,8
0,39,3,1,3,4,1,17068,1,3,4,21,3,21,9,11,10
0,49,3,0,2,4,3,13964,7,3,4,25,3,7,1,0,7
1,52,3,1,2,2,2,4941,2,3,1,11,2,8,2,7,7
0,27,3,0,3,1,2,2478,1,3,2,4,2,4,3,1,2
0,32,3,0,2,2,2,5228,1,3,4,13,3,13,12,11,9
0,27,4,1,3,2,3,4478,1,3,1,5,3,5,4,0,4
0,31,4,1,3,2,4,7547,4,3,4,13,3,7,7,1,7
0,32,1,0,4,2,4,5055,7,3,3,10,2,7,7,0,7
1,28,1,1,1,1,4,3464,5,3,4,5,2,3,2,2,2
0,30,4,0,3,2,4,5775,1,3,4,11,3,10,8,1,9
0,31,3,0,2,3,3,8943,1,4,1,10,3,10,9,8,9
0,39,3,1,2,5,4,19272,1,3,1,21,3,21,9,13,3
1,39,4,0,3,2,3,5238,4,3,1,12,2,1,0,0,0
0,43,3,0,2,2,3,5257,1,3,2,9,4,9,7,0,0
0,27,3,1,3,2,2,6349,0,3,4,6,3,5,4,1,4
0,54,4,0,3,2,3,4869,3,3,4,20,2,4,3,0,3
0,43,3,0,3,3,1,9985,8,3,1,10,2,1,0,0,0
0,45,4,1,3,2,4,3697,9,3,1,12,3,10,9,9,8
1,29,2,1,1,1,1,2119,1,3,4,7,2,7,7,0,7
0,29,2,1,2,1,4,3983,0,3,3,4,3,3,2,2,2
0,30,4,0,2,2,3,6118,1,3,3,10,3,10,9,1,2
0,37,4,1,3,2,4,6347,7,3,3,8,2,6,2,0,4
0,38,3,1,2,3,4,11510,0,3,2,12,3,11,10,2,9
0,31,3,0,3,3,4,7143,1,3,3,11,2,11,9,4,10
0,35,3,1,3,3,2,8095,0,3,4,17,3,16,6,0,13
0,47,2,1,3,2,3,2976,3,3,1,5,3,0,0,0,0
0,42,1,0,3,4,4,15992,2,3,2,16,3,1,0,0,0
0,29,4,1,3,2,3,4649,1,3,1,4,2,4,3,0,2
0,42,3,1,3,1,3,2696,0,3,3,4,3,3,2,1,0
0,32,3,0,3,1,2,2370,1,3,3,8,3,8,0,0,7
0,48,1,0,3,3,3,12504,3,4,2,15,1,0,0,0,0
0,37,3,1,4,2,1,5974,4,3,1,13,3,7,7,6,7
0,30,4,0,3,2,3,4736,7,3,2,4,4,2,2,2,2
0,42,1,1,2,2,4,6781,3,4,2,14,3,1,0,0,0
1,21,1,0,2,1,2,2174,1,3,3,3,3,3,2,1,2
0,36,4,0,3,2,4,6653,4,3,2,7,3,1,0,0,0
0,36,1,1,2,3,4,9699,4,3,1,16,3,13,9,1,12
0,57,4,1,3,2,3,6755,2,3,3,15,3,3,2,1,2
0,21,1,1,3,1,4,2610,1,4,3,3,2,3,2,2,2
1,33,4,0,3,1,3,2851,1,3,2,1,3,1,0,0,0
0,46,3,0,3,2,3,5258,2,3,3,7,4,1,0,0,0
1,41,1,1,3,2,2,9355,1,3,3,8,3,8,7,7,7
0,50,4,1,2,3,4,10496,6,3,4,20,3,4,3,1,3
0,31,3,1,2,1,2,2657,0,3,4,3,3,2,2,2,2
1,21,3,0,4,1,2,2716,1,3,4,1,3,1,0,0,0
0,35,3,1,2,2,2,6540,9,3,3,10,3,1,1,0,0
0,27,4,1,3,1,2,3816,1,3,2,5,3,5,2,0,4
0,28,2,1,3,2,4,5253,1,3,4,7,3,7,5,0,7
0,49,2,1,2,3,3,10965,8,4,3,26,3,5,2,0,0
0,51,3,0,3,2,4,4936,4,3,3,18,2,7,7,0,7
0,36,4,0,3,1,3,2543,4,3,2,6,3,2,2,2,2
1,34,1,1,4,2,4,5304,8,3,2,9,2,5,2,0,4
0,55,3,0,3,4,4,16659,2,3,3,30,3,5,4,1,2
0,30,3,1,3,1,2,2476,1,3,1,1,3,1,0,0,0
1,26,3,1,3,1,1,3102,0,4,3,7,3,6,4,0,4
0,36,2,1,2,3,3,7596,1,3,2,10,3,10,9,9,0
1,30,3,1,3,1,4,2285,9,4,3,3,3,1,0,0,0
0,40,4,0,3,2,2,5715,7,3,3,8,3,5,4,1,3
0,42,2,0,3,1,1,2576,3,3,2,8,3,5,2,1,2
0,43,1,1,2,4,2,14336,1,3,3,25,3,25,10,3,9
0,54,1,1,3,5,1,19406,4,3,3,24,2,4,2,1,2
0,34,3,0,3,2,3,6538,9,3,1,6,3,3,2,1,2
0,31,2,0,3,2,1,4306,1,3,2,13,1,13,10,3,12
0,43,4,1,3,1,4,2258,7,4,1,8,3,3,2,1,2
0,37,2,0,3,2,3,4449,3,3,1,15,3,13,11,10,7
0,31,4,1,2,1,1,2218,1,3,3,4,3,4,2,3,2
0,39,2,1,3,5,3,19197,1,3,3,21,3,21,8,1,6
0,56,3,0,4,4,1,13212,9,3,4,36,2,7,7,7,7
0,30,2,0,3,2,3,6577,0,3,2,6,3,5,4,4,4
0,41,2,1,4,3,1,8392,1,3,3,10,3,10,7,0,7
0,28,3,1,3,2,1,4558,1,3,4,10,3,10,0,1,8
0,45,1,1,3,1,4,2654,3,4,4,8,2,2,2,0,2
0,52,4,0,3,4,4,16555,2,3,4,31,1,5,2,1,4
0,30,3,0,1,2,4,6091,2,4,3,11,3,5,4,0,2
0,60,1,0,3,5,1,19566,5,3,4,33,1,29,8,11,10
0,46,3,0,3,2,3,4810,2,3,3,19,2,10,7,0,8
1,34,4,0,1,1,3,2351,0,3,4,3,2,2,2,1,0
0,38,4,1,3,1,4,1702,1,4,3,1,3,1,0,0,0
0,40,3,0,3,5,3,18041,0,3,4,21,3,20,15,1,12
0,26,1,0,3,1,4,2886,1,4,2,3,1,3,2,0,2
0,30,3,1,3,1,4,2097,4,3,3,9,1,5,3,1,4
0,30,3,0,3,3,1,8412,0,3,3,10,3,9,8,7,8
0,57,1,1,2,4,4,14118,3,3,3,32,2,1,0,0,0
0,30,3,0,3,1,4,2564,0,3,3,12,2,11,7,6,7
0,60,3,0,2,3,1,10266,4,3,4,22,4,18,13,13,11
0,47,1,0,3,2,4,5070,5,3,3,20,3,5,0,0,4
0,46,1,1,3,4,3,17861,6,3,3,26,1,3,2,0,1
0,35,4,1,1,1,3,4230,0,3,3,6,3,5,4,4,3
0,54,3,0,3,2,3,3780,7,3,3,19,3,1,0,0,0
0,46,3,0,2,3,4,9071,2,3,3,15,3,3,2,1,2
0,31,3,1,3,3,2,10648,1,4,4,13,4,13,8,0,8
1,33,2,1,3,3,3,13610,7,3,4,15,4,7,6,7,7
1,33,1,1,1,1,4,3408,7,3,1,8,3,4,3,1,3
0,30,4,1,3,1,2,2983,0,3,1,4,3,3,2,1,2
0,35,4,1,3,3,3,7632,4,3,3,10,3,8,7,0,0
1,31,1,1,3,3,3,9824,3,3,1,12,3,1,0,0,0
0,42,2,1,3,1,3,2093,4,3,4,8,3,2,2,2,0
0,36,2,1,3,3,4,9980,1,3,4,10,2,10,3,9,7
0,48,2,0,3,2,4,4051,2,3,1,14,3,9,7,6,7
0,55,1,0,3,4,2,16835,3,4,4,37,3,10,9,7,7
0,41,4,1,3,2,4,6230,7,3,4,16,3,14,3,1,10
0,35,2,1,3,2,3,4717,9,3,3,15,3,11,9,6,9
0,40,2,0,3,4,3,13237,7,3,3,22,3,20,6,5,13
0,31,2,1,3,2,4,6582,4,3,3,10,4,6,5,0,5
0,42,4,1,3,3,1,7406,1,4,4,10,2,10,9,5,8
0,45,4,1,3,2,2,4805,0,3,2,9,4,8,7,3,7
1,26,2,0,3,1,3,2741,0,3,2,8,2,7,7,1,0
0,29,4,1,3,2,4,4262,4,3,2,8,4,3,2,1,2
0,33,1,0,4,4,3,16184,4,3,3,10,3,6,1,0,5
0,31,3,1,2,3,4,11557,9,4,3,10,2,5,4,0,1
0,41,1,0,2,2,3,6811,2,3,1,10,3,8,7,0,7
0,35,1,0,3,2,3,4859,1,3,4,5,3,5,4,0,3
0,34,4,1,4,2,4,5337,1,3,4,10,3,10,7,5,7
1,26,3,1,1,1,4,2340,1,3,2,1,1,1,0,0,0
0,46,1,0,3,3,3,10527,5,3,4,28,2,2,2,1,2
0,41,2,0,3,4,1,16595,7,3,2,22,3,18,16,11,8
0,37,1,1,3,3,2,8834,1,3,4,9,3,9,5,7,7
0,52,4,1,3,2,1,5577,3,3,2,18,3,10,9,6,9
0,24,4,1,3,1,4,2400,0,3,3,3,3,2,2,2,1
0,37,2,0,3,2,2,6447,6,3,2,8,2,6,5,4,3
0,49,4,1,2,5,3,19502,1,3,3,31,3,31,9,0,9
0,24,2,1,4,1,4,2725,1,3,2,6,3,6,5,1,4
0,24,4,1,2,1,2,2127,1,4,4,1,3,1,0,0,0
0,50,1,1,3,5,2,18200,1,3,3,32,3,32,5,10,7
1,30,2,1,2,1,1,2033,1,3,3,1,4,1,0,0,0
0,34,2,1,2,1,4,3622,1,3,4,6,3,6,5,1,3
1,31,2,1,3,2,1,4233,2,3,3,9,1,3,1,1,2
0,31,1,1,4,2,4,5460,4,4,4,13,4,7,7,5,7
0,27,1,0,2,1,3,2187,0,3,3,6,2,5,3,0,3
0,37,4,1,3,2,3,9602,4,3,3,17,2,3,0,1,0
0,20,4,0,2,1,2,2836,1,3,4,1,4,1,0,0,0
0,42,3,0,3,2,4,4089,1,3,2,10,3,10,2,2,2
0,38,3,0,3,1,1,2619,3,3,4,8,2,0,0,0,0
0,48,4,0,2,4,1,15402,7,3,1,21,1,3,2,0,2
0,44,1,0,2,2,3,5985,4,3,2,10,4,2,2,0,2
0,34,3,0,3,1,3,2579,1,3,4,8,3,8,2,0,6
1,27,3,1,3,1,1,3041,0,3,2,5,3,4,3,0,2
0,21,3,1,3,1,3,3447,1,3,3,3,3,3,2,1,2
0,44,4,1,3,5,4,19513,4,3,1,26,4,2,2,0,1
0,22,1,1,3,1,3,2773,0,4,4,3,3,2,2,2,2
0,33,3,1,3,2,3,7104,0,3,4,6,3,5,0,1,2
0,30,3,0,3,1,3,2083,1,4,3,1,3,1,0,0,0
0,53,4,0,3,2,1,8381,7,4,4,18,4,14,7,8,10
0,34,2,1,3,1,4,2691,1,3,4,10,2,10,9,8,8
1,45,1,0,3,2,1,4286,2,3,4,5,3,1,1,0,0
0,29,2,0,3,2,3,5561,1,3,1,6,2,6,0,1,2
0,35,2,1,1,2,4,6646,1,3,2,17,3,17,11,11,8
0,54,3,1,3,3,2,10725,2,3,3,16,4,9,7,7,1
0,36,2,1,2,2,2,8847,2,3,3,13,3,3,2,0,2
1,33,1,1,3,1,1,3348,1,3,1,10,3,10,8,9,7
0,35,3,1,2,1,3,1281,1,3,3,1,3,1,0,0,0
0,23,1,1,4,1,1,2819,2,3,1,5,4,3,2,0,2
0,29,2,1,1,1,4,2720,1,3,4,10,3,10,7,2,8
0,48,2,1,4,2,2,8120,3,3,4,12,3,2,2,2,2
0,27,4,0,4,2,4,4647,1,4,2,6,3,6,5,0,4
0,37,4,1,4,1,4,4680,3,3,1,4,3,1,0,0,0
0,50,4,1,4,1,3,3221,1,3,3,20,3,20,8,3,8
0,34,4,0,2,3,2,8621,1,3,2,9,4,8,7,7,7
0,39,4,0,2,2,3,4553,1,3,1,20,3,20,7,11,10
0,32,4,1,3,2,4,5396,1,3,4,10,2,10,7,0,8
0,38,2,0,4,2,4,7625,0,3,3,10,2,9,7,1,8
0,27,3,0,3,3,1,7412,1,3,4,9,3,9,7,0,7
0,47,4,1,3,2,1,4960,2,3,4,20,3,7,7,1,7
0,41,2,1,2,5,4,19141,3,3,2,23,2,21,6,12,6
0,60,1,1,3,2,1,5405,8,3,4,10,3,2,2,2,2
0,50,4,1,3,1,2,3875,7,3,4,4,3,2,2,2,2
0,36,1,0,4,3,1,11713,9,3,1,10,3,8,7,0,5
0,44,1,1,1,1,3,3708,2,3,3,9,3,5,2,1,4
0,47,4,0,3,4,3,13770,9,3,4,28,2,22,2,11,13
0,29,3,1,3,1,3,2642,1,3,3,1,3,1,0,0,0
1,42,3,1,4,1,3,2759,6,3,4,7,3,2,2,2,2
0,43,4,1,2,2,4,6804,3,3,3,7,3,2,2,2,2
0,34,2,0,3,2,3,6142,3,3,4,10,3,5,1,4,3
0,23,2,1,3,1,1,2500,1,3,4,5,4,4,3,0,2
0,39,3,0,4,2,2,6389,9,3,3,12,1,8,3,3,6
0,56,3,1,3,4,4,11103,7,3,3,30,2,10,7,1,1
0,40,4,0,2,1,4,2342,0,4,4,5,2,4,2,2,3
0,53,4,1,3,2,4,2450,2,3,4,19,3,2,2,2,2
0,32,1,1,3,2,4,5309,1,3,4,10,3,10,8,4,7
0,45,2,1,1,2,3,6632,0,3,1,9,3,8,7,3,1
1,47,2,0,4,2,3,6397,4,3,4,8,3,5,4,1,3
0,34,4,1,3,2,4,6274,1,4,3,6,3,6,5,1,4
1,55,4,1,3,5,1,19859,5,3,4,24,3,5,2,1,4
0,36,1,1,2,3,1,7587,1,3,2,10,3,10,7,0,9
0,52,4,1,3,1,4,4258,0,3,1,5,3,4,3,1,2
0,26,1,0,1,1,4,4364,3,3,1,5,3,2,2,2,0
0,29,2,0,3,2,3,4335,4,3,1,11,2,8,7,1,1
1,26,4,1,2,2,1,5326,6,3,3,6,2,4,3,1,2
0,34,2,0,4,1,4,3280,2,3,3,10,3,4,2,1,3
0,54,4,0,3,2,1,5485,9,3,2,9,3,5,3,1,4
0,38,1,0,4,2,1,5980,6,3,4,17,3,15,7,4,12
0,34,3,0,2,1,1,4381,1,3,3,6,3,6,5,1,3
0,35,1,0,3,1,4,2572,1,3,2,3,2,3,2,0,2
0,30,4,1,1,1,3,3833,3,4,3,7,3,2,2,0,2
0,34,3,0,3,2,1,6500,5,3,2,6,3,3,2,1,2
1,23,3,1,4,1,1,1601,1,4,3,1,3,0,0,0,0
0,24,3,1,2,1,2,2694,1,3,3,1,3,1,0,0,0
1,29,2,0,2,1,1,2319,1,3,4,1,3,1,0,0,0
0,33,3,1,3,3,3,11691,0,3,4,14,4,13,9,3,7
0,47,3,0,3,4,4,16752,1,3,3,26,2,26,14,3,0
0,36,3,0,3,2,2,5228,0,3,1,10,3,9,7,0,5
0,29,3,1,4,1,3,2700,1,4,3,10,3,10,7,0,7
1,58,4,1,3,5,2,19246,7,3,4,40,3,31,15,13,8
0,35,4,0,4,1,3,2506,3,3,3,7,3,2,2,2,2
0,42,4,0,2,2,4,6062,9,3,4,8,3,4,3,0,2
1,28,3,1,3,1,3,4382,6,3,4,5,2,2,2,2,1
0,36,3,1,3,1,2,2143,4,3,2,8,3,5,2,0,4
0,32,3,0,2,2,3,6162,1,3,3,14,3,14,13,6,8
0,40,1,1,2,2,3,5094,6,3,4,10,3,1,0,0,0
0,45,2,0,2,1,3,2274,1,3,4,1,3,1,0,0,0
0,42,2,1,3,2,2,4434,1,3,4,10,2,9,8,7,8
0,34,3,0,2,1,4,2553,1,3,3,6,3,5,2,1,3
1,49,3,0,3,3,4,7654,1,3,1,9,4,9,8,7,7
0,35,3,1,3,3,3,10221,3,4,2,17,4,8,5,1,6
0,28,2,0,3,2,2,4779,1,4,1,8,3,8,7,7,5
0,34,3,1,3,1,4,3737,0,3,3,4,1,3,2,0,2
1,26,3,0,2,1,3,2366,1,3,1,8,3,8,7,1,7
0,51,1,0,3,4,3,16307,2,3,3,29,2,20,6,4,17
0,44,4,1,3,2,2,5933,9,3,4,10,2,5,2,2,3
0,25,1,1,4,1,1,3424,7,3,3,6,2,4,3,0,1
0,33,1,1,4,2,1,4037,1,4,1,9,3,9,8,0,8
0,35,3,0,2,1,1,2559,1,3,4,6,2,6,5,1,1
0,36,2,1,3,2,4,6201,1,3,4,18,2,18,14,4,11
0,32,2,1,3,2,4,4403,2,3,3,8,2,5,2,0,3
0,30,2,1,2,1,4,3761,9,3,2,10,2,5,4,0,3
0,53,1,0,2,3,4,10934,7,3,4,35,3,5,2,0,4
0,45,4,1,3,3,1,10761,4,3,3,18,3,5,4,0,2
0,32,3,0,4,2,3,5175,5,3,3,9,2,5,3,1,3
0,22,4,1,2,2,4,4775,6,4,1,4,1,2,2,2,2
0,44,1,1,4,1,4,2818,2,4,3,10,2,3,2,0,2
0,36,1,1,2,1,1,2342,0,4,3,6,3,5,4,0,3
0,25,3,1,3,2,1,4194,1,3,4,5,3,5,3,0,3
0,35,4,0,2,3,3,10685,1,4,2,17,3,17,14,5,15
1,35,4,0,3,1,2,2022,1,3,1,10,2,10,2,7,8
0,49,3,0,3,1,1,3580,2,3,2,7,3,4,2,0,2
0,32,2,1,3,2,2,6524,1,3,4,10,3,10,8,5,3
0,38,2,1,2,1,2,2899,0,3,4,3,3,2,2,1,2
0,31,4,1,3,1,4,2356,3,3,2,8,3,6,4,0,2
1,29,2,0,2,1,3,2800,6,3,3,5,3,3,2,0,2
0,53,1,1,3,4,4,11836,5,3,3,28,3,2,0,2,2
0,35,4,1,2,3,2,10903,3,3,1,16,3,13,10,4,8
0,37,3,0,3,1,4,2973,5,3,2,10,3,5,4,0,0
0,53,4,0,3,4,4,14275,6,3,3,33,3,12,9,3,8
0,47,3,0,3,2,4,4537,0,4,1,8,3,7,6,7,7
0,37,1,1,3,3,2,7642,1,3,4,10,3,10,0,0,9
0,50,1,1,3,4,1,17924,1,3,4,31,3,31,6,14,7
0,39,4,0,2,2,4,5204,8,3,3,13,3,5,4,0,4
0,33,4,1,3,1,2,2277,3,3,3,7,4,4,3,0,3
1,32,1,1,3,1,4,2795,1,4,3,1,1,1,0,0,1
0,29,1,0,2,1,4,2532,6,3,3,8,3,4,3,0,3
0,44,2,1,3,1,1,2559,1,3,4,8,3,8,7,7,1
0,28,1,1,3,2,4,4908,1,3,2,4,3,4,2,0,2
1,58,4,1,2,1,4,2380,9,3,4,3,2,1,0,0,0
0,43,1,0,3,2,2,4765,4,4,3,4,4,1,0,0,0
1,20,3,0,2,1,3,2044,1,3,4,2,2,2,2,0,2
1,21,4,0,3,1,4,2693,1,3,1,1,2,1,0,0,0
0,36,3,1,3,2,4,6586,0,3,1,17,2,16,8,4,11
0,47,4,0,2,1,4,3294,1,3,1,3,2,3,2,1,2
1,41,2,0,1,1,4,2778,4,3,3,10,2,7,7,1,0
0,28,3,0,3,1,3,2377,5,3,2,6,3,2,2,2,2
1,39,4,1,3,1,1,2404,7,4,4,8,1,2,2,2,2
0,27,2,0,3,1,3,2318,1,3,3,1,3,1,1,0,0
0,34,2,1,3,1,2,2008,1,3,2,1,3,1,0,1,0
0,42,3,0,2,2,3,6244,7,3,1,10,3,5,4,0,3
0,33,3,1,2,1,1,2799,3,3,2,6,3,3,2,0,2
0,58,3,0,2,3,2,10552,2,3,4,24,3,6,0,0,4
0,31,2,1,2,1,3,2329,3,3,2,13,4,7,7,5,2
0,49,1,0,3,3,2,7403,4,3,3,29,2,26,9,1,7
0,48,4,1,3,1,3,2259,4,3,1,13,2,0,0,0,0
0,31,4,0,3,2,3,6932,1,3,4,9,2,9,8,0,0
0,38,4,0,3,3,1,13582,1,3,2,15,3,15,12,5,11
0,32,3,0,2,1,2,2332,6,4,3,5,3,3,0,0,2
1,25,3,1,2,1,2,2413,1,3,3,1,3,1,0,0,0
0,40,1,1,2,3,2,9705,2,3,2,11,2,1,0,0,0
0,36,3,1,3,1,3,2519,4,4,3,16,3,11,8,3,9
1,19,4,1,2,1,2,2121,1,3,2,1,4,1,0,0,0
1,20,1,1,3,1,1,2973,1,3,2,1,3,1,0,0,0
0,31,4,0,3,2,4,5855,0,3,3,10,1,9,7,8,5
0,40,4,1,3,1,2,3617,8,3,4,3,3,1,1,0,0
0,32,3,0,3,2,1,6725,1,3,3,8,4,8,7,6,3
0,33,2,0,2,2,4,6949,0,3,1,6,3,5,0,1,4
1,37,1,1,2,3,3,10609,5,3,3,17,1,14,1,11,7
0,45,3,1,3,2,2,4447,1,3,2,9,2,9,7,0,8
0,29,3,0,3,1,4,2157,1,3,2,3,3,3,1,0,2
0,35,3,0,3,2,3,4601,1,3,2,5,3,5,2,1,0
0,52,4,1,3,4,4,17099,2,3,2,26,2,9,8,7,8
1,58,4,1,3,1,3,2479,4,4,1,7,3,1,0,0,0
0,30,3,1,3,3,3,7264,5,3,1,10,4,8,4,7,7
0,35,4,1,3,3,4,7823,6,3,2,12,3,10,9,0,8
0,39,1,1,4,3,3,7880,0,3,4,9,3,8,7,0,7
1,40,2,0,4,4,2,13194,4,3,4,22,2,1,0,0,0
0,36,1,1,3,2,4,5079,4,3,4,12,3,7,7,0,7
0,33,2,0,3,1,4,3452,3,3,1,5,3,3,2,0,2
0,45,4,0,3,1,4,2270,3,3,4,8,3,5,3,0,2
0,50,4,1,3,4,4,17399,9,4,3,32,2,5,4,1,3
0,33,3,0,4,2,2,5488,1,3,1,6,3,6,5,1,2
0,41,1,1,3,5,3,19419,2,3,2,21,4,18,16,0,11
0,27,3,0,3,1,2,2811,9,3,2,4,3,2,2,2,2
0,45,4,1,3,2,1,3633,1,3,3,9,3,9,8,0,8
0,47,4,0,3,2,4,4163,1,3,3,9,3,9,0,0,7
0,50,4,1,3,4,3,13973,3,3,4,22,3,12,11,1,5
0,46,4,1,3,3,3,10845,6,3,2,13,3,8,7,0,7
0,18,2,1,3,1,4,1051,1,3,4,0,3,0,0,0,0
0,54,3,0,3,3,3,10739,8,3,3,22,3,10,7,0,8
0,35,3,0,3,3,3,10388,1,3,3,16,2,16,10,10,1
0,30,2,0,4,3,1,11416,0,3,3,9,2,8,7,1,7
1,20,4,0,2,1,1,2600,1,3,1,1,3,1,0,0,0
1,30,2,0,3,1,2,2422,0,3,1,4,3,3,2,1,2
0,26,4,1,4,2,4,5472,1,3,2,8,3,8,7,1,3
0,22,2,1,1,1,1,2451,1,3,1,4,2,4,3,1,1
0,48,1,1,2,2,3,4240,2,3,4,19,3,2,2,2,2
0,41,4,0,3,2,3,5003,6,3,2,8,3,2,2,2,1
0,39,4,0,2,4,4,12742,1,3,3,21,3,21,6,11,8
0,27,1,0,3,2,4,4227,0,3,2,4,3,3,2,2,2
0,35,2,1,3,1,4,3917,1,4,1,3,2,3,2,1,2
0,42,4,1,3,5,3,18303,6,3,2,21,4,1,0,0,0
0,50,1,1,3,1,4,2380,4,3,2,8,3,1,0,0,0
0,59,3,0,2,4,4,13726,3,3,1,30,3,5,3,4,3
1,37,1,0,1,2,2,4777,5,3,1,15,1,1,0,0,0
0,41,2,0,1,5,3,19973,1,4,2,21,3,21,16,5,10
0,38,2,1,3,2,4,6861,8,3,3,19,3,1,0,0,0
1,26,2,1,1,2,1,4969,8,3,4,7,3,2,2,2,2
1,52,1,0,1,5,4,19845,1,3,4,33,3,32,14,6,9
0,50,4,0,3,2,3,6347,0,3,1,19,3,18,7,0,13
1,36,3,0,4,1,1,2743,1,3,3,18,3,17,13,15,14
0,45,4,0,3,4,4,17650,3,3,2,26,4,9,3,1,1
0,32,4,0,3,1,3,4025,9,3,2,10,3,8,7,7,7
0,53,3,0,2,3,2,7525,2,3,1,30,3,15,7,6,12
1,36,1,1,3,2,3,4834,7,3,2,9,2,1,0,0,0
1,26,1,1,3,1,1,2042,6,3,2,6,3,3,2,1,2
0,34,3,0,3,1,3,2220,1,3,4,1,3,1,1,0,0
0,28,4,1,3,1,2,1052,1,4,2,1,3,1,0,0,0
0,38,3,1,3,1,3,2821,3,3,1,8,3,2,2,2,2
0,50,2,1,3,5,3,19237,2,3,4,29,2,8,1,7,7
0,37,4,0,3,2,2,4107,3,3,1,8,2,4,3,0,1
0,40,3,1,3,2,1,8396,1,3,2,8,2,7,7,7,5
0,46,4,1,3,5,4,19627,9,3,4,23,3,2,2,2,2
0,54,3,0,2,3,3,10686,6,3,2,13,3,9,4,7,0
0,56,1,0,3,1,3,2942,2,3,2,18,3,5,4,0,3
0,36,4,0,2,3,4,8858,0,3,2,15,2,14,8,7,8
0,55,3,1,2,4,1,16756,7,3,2,31,4,9,7,6,2
0,43,3,1,2,3,4,10798,5,3,3,18,3,1,0,0,0
1,21,3,0,2,1,1,1416,1,3,1,1,2,1,0,1,0
0,46,4,0,2,2,1,4615,8,4,1,19,3,16,13,1,7
1,51,1,1,3,1,3,2461,9,3,3,18,4,10,0,2,7
1,28,2,1,2,3,1,8722,1,3,1,10,2,10,7,1,9
0,41,2,0,4,1,3,3376,1,3,3,10,3,10,6,0,8
0,27,1,1,1,1,3,4621,1,3,4,3,3,3,2,1,2
0,55,4,1,3,3,2,10976,3,3,2,23,3,3,2,1,2
0,28,3,0,3,2,3,3660,3,3,4,10,4,8,7,1,7
1,44,2,1,2,3,1,10482,9,3,4,24,3,20,6,3,6
0,33,4,1,2,3,4,7119,4,3,3,9,3,3,2,1,2
1,35,4,1,3,3,1,9582,0,4,1,9,3,8,7,4,7
1,33,1,0,2,2,3,4508,1,4,2,14,3,13,7,3,8
0,28,1,1,3,1,3,2207,1,3,4,4,2,4,2,2,2
0,34,1,1,3,2,4,7756,0,3,3,7,2,6,2,0,4
0,37,4,0,2,2,4,6694,2,3,3,8,3,1,0,0,0
1,25,4,1,3,1,4,3691,1,3,2,7,4,7,7,5,6
1,26,1,1,3,1,3,2377,1,4,3,1,2,1,1,0,0
1,33,1,1,2,1,2,2313,4,4,2,5,3,2,2,2,2
0,42,4,1,3,4,1,17665,0,3,4,23,3,22,6,13,7
1,28,1,1,2,1,2,2596,1,3,1,1,3,1,0,0,0
1,50,4,1,3,2,3,4728,3,3,4,5,3,0,0,0,0
0,33,4,0,3,2,2,4302,0,3,3,4,3,3,2,0,2
0,48,1,1,4,4,4,16885,2,4,3,27,2,5,4,2,1
0,45,2,0,2,2,3,5593,1,3,4,15,3,15,10,4,12
0,52,2,1,3,3,2,10445,7,3,4,18,3,8,6,4,0
0,29,3,0,3,1,4,2514,4,4,1,11,3,7,5,1,7
0,28,4,0,3,3,2,7655,0,3,2,10,2,9,7,1,7
0,46,1,1,3,4,3,17465,3,3,4,23,3,12,9,4,9
0,38,4,1,3,3,2,7351,7,3,3,10,3,1,0,0,0
0,43,3,0,3,3,1,10820,8,3,3,18,3,8,7,0,1
0,40,3,1,2,5,3,19626,1,3,1,21,4,20,7,4,9
0,21,4,0,2,1,2,2070,1,3,3,2,4,2,2,2,2
0,39,3,1,3,2,2,6782,9,3,3,9,2,5,4,0,3
0,36,1,1,3,2,4,7779,2,4,1,18,3,11,9,0,9
0,31,3,1,4,1,4,2791,0,3,1,3,3,2,2,2,2
0,28,1,1,2,1,2,3201,0,3,1,6,1,5,3,0,4
0,49,4,1,2,4,2,13120,6,3,2,22,3,9,8,2,3
0,34,4,1,3,2,3,4033,2,3,4,5,2,3,2,0,2
0,29,4,0,3,1,2,3291,0,3,4,8,2,7,5,1,1
0,42,2,1,1,2,4,4272,4,3,1,16,3,1,0,0,0
0,29,2,1,2,2,4,5056,1,3,3,10,2,10,7,1,2
0,38,3,1,4,1,3,2844,1,3,4,7,4,7,6,5,0
1,18,3,1,3,1,3,1904,1,3,4,0,3,0,0,0,0
1,33,1,0,3,2,1,8224,0,3,1,6,3,5,2,0,3
0,41,2,1,3,1,4,4766,3,3,1,6,3,1,0,0,0
0,37,3,0,2,2,4,5731,7,3,3,9,3,6,2,1,3
0,27,4,1,2,1,3,2539,1,3,3,4,3,4,2,2,2
0,34,2,0,3,2,3,5714,1,4,1,6,2,6,5,1,3
0,35,3,1,3,1,3,4323,1,3,2,6,1,5,4,1,4
1,29,4,0,2,3,1,7336,1,3,1,11,1,11,8,3,10
0,40,2,0,3,3,3,13499,9,3,3,20,2,18,7,2,13
0,42,2,1,3,2,1,5155,7,3,4,9,4,6,4,1,5
0,35,4,1,2,1,3,2258,6,3,2,10,3,8,0,1,7
0,24,4,1,3,1,2,3597,8,4,4,6,3,4,3,1,2
1,28,3,0,3,1,4,2515,1,3,4,1,2,1,1,0,0
0,26,1,1,4,1,4,4420,1,4,2,8,3,8,7,0,7
0,30,3,1,2,2,3,6578,1,3,1,10,3,10,3,1,4
0,40,3,0,2,2,4,4422,3,3,4,16,1,1,1,0,0
0,35,3,1,2,3,2,10274,2,3,2,15,4,7,7,6,4
0,32,3,0,3,1,1,2827,1,3,3,1,3,1,0,0,0
0,56,4,0,3,5,1,19943,4,3,4,28,3,5,2,4,2
0,19,3,1,3,1,1,2552,1,4,3,1,3,1,1,0,0
0,37,4,0,2,2,4,6474,1,3,2,14,2,14,8,3,11
0,20,1,1,2,1,3,3033,1,3,1,2,2,2,2,1,2
1,44,3,1,3,1,3,2936,1,3,3,6,3,6,4,0,2
0,53,4,0,3,5,3,18606,3,3,2,26,3,7,7,4,7
0,29,2,0,1,1,4,2168,0,3,1,6,2,5,4,1,3
1,22,3,1,2,1,4,2853,0,3,2,1,3,0,0,0,0
1,41,1,1,2,1,1,2107,6,3,1,5,1,1,0,0,0
0,30,3,1,3,2,1,4115,8,3,3,8,3,4,3,0,3
0,40,2,1,3,2,2,4327,5,3,4,5,3,0,0,0,0
0,50,4,0,3,4,1,17856,2,4,3,32,3,2,2,2,2
0,28,4,1,2,1,1,3196,1,3,3,6,3,6,5,3,3
0,46,4,1,3,5,2,19081,5,3,1,25,3,4,2,0,3
0,35,3,1,3,2,1,8966,3,3,4,15,3,7,7,1,7
1,24,4,0,3,1,2,2210,1,3,1,1,1,1,0,0,0
0,36,3,1,1,1,3,2741,1,3,3,7,3,7,7,1,7
0,46,4,1,3,2,4,7379,2,3,3,12,2,6,3,1,4
0,32,3,0,2,1,2,2743,1,4,3,2,3,2,2,2,2
0,36,3,0,1,3,1,10252,2,4,3,17,3,7,7,7,7
0,33,1,1,3,1,4,2781,0,3,2,15,3,14,10,4,10
0,40,2,0,2,2,2,6852,7,3,2,7,4,5,1,1,3
0,25,3,1,3,2,4,4950,0,3,2,5,3,4,3,1,1
0,30,4,1,3,1,2,3579,0,4,1,12,3,11,9,5,7
0,35,3,0,2,3,4,10377,4,3,2,16,2,13,2,4,12
0,27,1,1,3,1,1,2235,1,3,4,9,2,9,7,6,8
0,44,1,0,4,1,4,2011,1,3,4,10,3,10,5,7,7
1,19,1,0,2,1,2,1859,1,4,2,1,4,1,1,0,0
0,29,1,0,3,1,4,3760,1,3,1,3,3,3,2,1,2
0,54,4,1,3,4,4,17779,3,3,1,36,3,10,9,0,9
0,31,3,1,3,2,1,6833,1,3,4,6,2,6,5,0,1
0,59,3,0,2,2,4,5171,5,3,4,13,3,6,1,0,5
0,43,3,1,1,5,4,19740,3,3,2,25,3,8,7,0,7
0,49,1,1,2,5,3,18711,2,3,3,23,4,1,0,0,0
0,36,3,1,3,1,2,3692,1,3,3,12,2,11,10,0,7
0,48,4,1,4,1,2,2559,5,3,3,7,2,1,0,0,0
0,29,3,1,3,2,4,6623,1,3,2,6,3,6,0,1,0
0,29,4,0,2,4,4,16124,3,3,2,9,2,7,7,1,7
0,34,3,0,4,1,3,2585,0,3,4,2,2,1,0,0,0
0,44,2,1,3,5,2,18213,7,3,3,26,3,22,9,3,10
0,19,2,0,4,1,4,2994,1,3,4,1,3,1,0,0,1
0,23,4,1,3,1,3,1223,1,4,4,1,3,1,0,0,1
1,25,3,1,1,1,4,1118,1,3,4,1,3,1,0,1,0
0,26,3,1,3,1,4,2875,1,4,2,8,2,8,5,2,2
1,45,1,0,1,5,2,18824,2,3,1,26,3,24,10,1,11
0,55,4,1,2,4,2,13577,1,3,4,34,3,33,9,15,0
1,21,1,0,2,1,3,2625,1,4,3,2,1,2,2,2,2
0,46,4,0,2,5,2,18789,2,3,3,26,3,11,4,0,8
0,34,3,0,3,2,1,4538,0,3,4,4,3,3,2,0,2
0,51,4,1,3,5,2,19847,4,4,1,31,2,29,10,11,10
0,59,4,1,3,3,4,10512,6,3,4,25,2,9,7,5,4
0,34,3,0,3,2,2,4444,4,3,3,15,4,11,8,5,10
0,44,3,1,4,5,1,19190,1,3,4,26,2,25,9,14,13
0,35,3,1,3,1,3,3506,0,3,4,4,3,3,2,2,2
0,42,2,0,4,2,2,2372,6,3,4,18,3,1,0,0,0
0,43,4,0,2,3,4,10231,3,3,4,23,4,21,7,15,17
0,36,3,0,3,2,2,5410,9,3,4,18,3,16,14,5,12
0,28,4,1,2,1,4,3867,1,3,2,2,3,2,2,2,2
0,51,2,0,2,1,3,2838,0,3,2,8,2,7,0,7,7
0,30,3,0,3,2,3,4695,7,3,3,10,3,8,4,1,7
1,29,2,0,3,1,3,3339,3,3,1,10,3,7,7,7,7
0,28,4,1,3,1,1,2080,2,3,2,5,2,3,2,1,2
0,25,4,0,3,1,2,2096,1,3,4,2,2,2,2,2,1
0,32,3,1,4,2,4,6209,1,3,3,10,4,10,7,0,8
0,45,2,0,3,5,2,18061,3,4,3,22,3,0,0,0,0
0,39,3,0,2,4,2,17123,6,3,4,21,3,19,9,15,2
1,32,4,1,3,2,3,4883,1,3,1,10,3,10,4,1,1
1,39,3,1,3,1,1,3904,0,3,1,6,3,5,2,0,3
0,36,4,0,3,3,3,7094,3,3,1,10,3,7,7,1,7
0,46,4,0,3,1,1,3423,6,3,3,10,4,7,6,5,7
0,28,3,0,1,2,4,6674,0,3,1,10,3,9,8,7,5
1,40,4,1,2,3,2,9094,2,3,3,9,3,5,4,1,0
1,52,2,1,3,3,2,8446,9,3,3,10,2,8,7,7,7
0,30,2,0,3,3,1,11916,1,4,4,9,3,9,1,0,8
0,39,1,1,3,2,3,4534,0,3,1,9,3,8,7,1,7
0,31,4,0,3,3,3,9852,1,3,1,10,2,10,8,9,6
0,55,4,0,1,5,3,19187,4,3,4,23,3,19,9,9,11
0,56,4,1,3,5,2,19717,6,3,1,36,3,7,3,7,7
0,40,3,1,3,1,3,3544,9,3,2,6,3,4,2,0,0
0,34,4,1,3,3,4,8500,0,3,4,10,2,9,7,1,6
0,40,3,1,3,2,4,4661,1,3,3,9,3,9,8,8,8
0,41,3,0,3,2,1,4103,0,3,4,10,3,9,3,1,7
0,35,3,1,3,2,3,4249,1,3,2,9,3,9,6,1,1
0,51,3,1,3,4,2,14026,1,3,2,33,3,33,9,0,10
0,38,2,0,3,2,1,6893,3,3,4,11,3,7,7,1,7
0,34,3,0,3,2,1,6125,1,3,4,10,4,10,8,9,6
1,58,3,0,2,3,1,10008,7,3,4,31,2,10,9,5,9
0,40,2,1,3,1,2,2387,3,4,3,7,3,4,2,0,3
0,36,1,0,4,2,1,4639,2,3,4,17,2,15,7,6,13
0,48,4,1,3,3,4,7898,1,3,3,11,3,10,9,0,8
0,27,3,0,4,1,4,2534,8,3,2,5,3,1,0,0,0
0,18,4,0,3,1,4,1611,1,3,3,0,4,0,0,0,0
0,56,4,1,3,4,2,13402,4,3,1,33,3,19,16,15,9
0,34,2,1,3,2,3,5429,4,3,1,10,3,8,7,7,7
1,31,3,0,2,1,4,2785,7,3,3,3,4,1,0,0,0
1,35,4,0,3,2,3,4614,0,3,3,5,2,4,2,3,2
0,34,3,0,3,2,4,6687,1,3,4,14,4,14,11,4,11
0,39,1,1,2,2,4,6120,3,3,4,8,4,5,4,1,4
0,51,2,1,3,3,2,10596,2,3,2,14,3,4,2,3,2
0,41,4,0,3,2,4,5467,3,3,1,12,2,6,2,3,3
0,33,2,1,3,2,4,9998,6,3,1,8,4,5,4,1,2
0,32,3,1,3,2,2,4078,0,3,1,4,2,3,2,1,2
0,39,3,1,3,3,3,10920,3,4,2,13,3,6,4,0,5
0,52,4,0,4,4,3,13247,2,3,2,24,2,5,3,0,2
0,43,1,0,2,2,3,4081,1,3,1,20,1,20,7,1,8
0,27,4,0,2,2,4,5769,1,3,4,6,3,6,2,4,4
1,27,4,0,3,1,3,2394,1,3,4,8,3,8,2,7,7
0,26,1,1,2,1,4,3904,0,3,4,5,3,4,3,1,1
0,42,3,0,3,4,1,16799,0,3,3,21,3,20,7,0,9
0,52,3,0,3,1,1,2950,9,3,3,12,1,5,4,0,4
0,35,3,1,3,3,4,9362,2,3,3,10,3,2,2,2,2
0,25,1,1,3,1,4,3229,4,3,2,7,2,3,2,0,2
1,29,3,0,3,3,4,7553,0,3,1,9,3,8,7,7,7
0,54,4,0,3,4,4,17328,6,3,4,29,2,20,7,12,7
0,58,4,0,3,5,1,19701,3,4,3,32,3,9,8,1,5
0,55,2,1,4,4,4,14732,2,3,4,31,4,7,7,0,0
1,31,2,0,1,1,3,1359,1,3,2,1,3,1,0,0,0
0,31,1,0,3,4,2,16422,3,3,3,9,4,3,2,1,0
0,34,4,1,3,1,1,2996,5,3,3,10,3,4,3,1,3
1,31,1,0,2,1,2,1261,1,3,3,1,4,1,0,0,0
0,27,2,1,3,1,1,2099,0,3,2,6,4,5,0,1,4
0,36,1,1,2,2,4,5810,1,3,3,10,2,10,4,1,8
0,36,3,0,2,2,1,5647,4,3,1,11,2,3,2,0,2
0,47,1,1,3,1,4,3420,7,3,3,17,2,6,5,1,2
0,47,1,0,3,4,3,17169,3,3,2,26,4,20,17,5,6
0,32,4,1,3,2,4,9204,4,3,3,7,2,4,3,0,3
0,34,4,0,2,1,2,3294,5,3,1,7,2,5,4,0,2
0,41,2,1,4,1,3,2127,2,3,1,7,2,4,2,0,3
0,40,3,1,3,2,3,3975,3,3,3,11,4,8,7,0,7
0,31,1,1,3,3,4,10793,1,3,1,13,3,13,7,9,9
1,46,1,1,3,3,4,10096,4,3,1,28,4,7,7,4,3
1,39,1,0,2,1,1,3646,2,4,2,11,4,1,0,0,0
0,31,4,0,4,1,2,2109,9,3,4,8,3,3,2,0,2
0,45,2,1,3,3,4,9380,4,3,4,10,4,3,1,1,2
1,34,1,0,3,1,3,2742,1,3,4,2,3,2,2,2,2
0,40,4,1,2,3,2,13757,2,3,3,16,3,9,8,4,8
0,28,4,1,3,2,1,8463,0,3,4,6,3,5,4,1,3
0,44,3,1,2,1,3,3162,3,3,4,7,3,5,2,0,3
0,53,4,1,4,4,2,16598,4,3,2,35,2,9,8,8,8
0,40,3,1,3,1,3,2345,2,3,3,8,4,3,1,1,2
0,44,4,1,3,1,2,3420,1,3,3,6,2,5,2,1,3
0,34,4,1,1,2,1,4759,3,3,4,15,3,13,9,3,12
0,42,1,0,3,1,4,3673,1,3,3,12,3,12,9,5,8
0,44,1,0,3,2,3,4768,7,3,3,11,2,1,0,0,0
0,57,2,1,4,2,3,4900,0,4,1,13,2,12,9,2,8
0,49,3,1,3,3,2,10466,3,3,2,29,3,8,7,0,7
0,34,2,1,3,4,1,17007,7,3,4,16,2,14,8,6,9
1,34,1,0,2,2,2,4599,0,4,3,16,4,15,9,10,10
0,35,4,1,3,1,3,2404,1,3,1,1,3,1,0,0,0
0,44,2,1,3,3,3,10209,5,3,2,16,2,2,2,2,2
0,29,3,1,2,2,3,8620,1,3,3,10,3,10,7,0,4
0,30,3,1,3,1,3,2064,0,4,1,6,4,5,3,1,3
0,55,4,1,3,2,3,4035,0,3,2,4,3,3,2,1,2
0,33,1,0,2,1,2,3838,8,3,4,8,3,5,4,0,2
1,28,3,1,2,1,1,2561,7,3,3,8,2,0,0,0,0
0,28,3,1,3,2,1,4898,0,3,4,5,3,4,2,1,3
0,49,3,0,2,2,1,4789,4,4,1,10,3,3,2,1,2
0,29,4,0,3,1,2,3180,0,3,3,4,3,3,2,0,2
0,32,3,1,3,3,4,11244,2,4,2,10,4,5,2,0,0
0,54,2,0,3,4,4,16032,3,4,1,26,3,14,9,1,12
1,29,1,1,2,1,1,2362,6,3,3,11,1,9,7,0,7
0,44,4,1,3,4,1,16328,3,3,3,24,4,20,6,14,17
0,39,2,0,3,3,2,8376,4,3,4,9,3,2,0,2,2
0,46,3,0,3,4,2,16606,8,3,4,23,4,13,12,5,1
0,35,4,0,2,3,2,8606,1,3,4,11,1,11,8,3,3
1,40,4,1,3,1,1,2018,3,3,2,15,1,5,4,1,0
1,31,4,0,3,1,3,4084,1,3,1,7,1,7,2,7,7
0,42,3,1,2,1,2,4841,4,3,2,4,3,1,0,0,0
0,33,4,1,2,2,2,4320,1,3,4,5,3,5,3,0,2
0,45,4,1,3,1,4,2132,4,4,4,8,3,5,4,0,3
0,42,4,1,3,3,4,10124,2,3,3,24,1,20,8,13,9
0,40,1,1,3,2,1,5473,0,3,4,9,4,8,4,7,1
0,33,2,1,3,2,3,5207,1,3,2,15,3,15,14,5,7
0,40,3,1,3,4,4,16437,1,4,4,21,3,21,7,7,7
0,40,4,1,3,2,4,4069,3,3,3,8,3,2,2,2,2
0,45,1,1,3,3,2,7441,1,3,1,10,3,10,8,7,7
0,35,2,0,2,1,3,2430,0,4,1,6,3,5,3,4,2
0,32,4,0,2,2,2,5878,3,3,1,12,3,7,1,2,5
0,36,3,1,3,1,4,2644,3,4,4,7,2,3,2,1,2
0,48,3,0,3,2,3,6439,8,3,3,18,3,8,7,7,7
0,29,3,1,4,1,3,2451,6,3,1,5,2,1,0,0,0
0,33,1,1,3,2,1,6392,2,3,4,8,1,2,2,2,2
1,30,2,1,2,2,1,9714,1,3,4,10,3,10,8,6,7
0,38,3,1,3,2,3,6077,3,3,3,10,3,6,3,1,2
0,35,4,1,2,1,1,2450,1,3,2,3,3,3,0,1,2
0,30,3,1,3,3,2,9250,3,3,2,9,3,4,2,1,3
1,35,1,0,3,1,1,2074,1,3,4,1,3,1,0,0,0
1,53,3,0,2,3,4,10169,0,3,2,34,3,33,7,1,9
1,38,3,1,3,2,2,4855,4,3,1,7,3,5,2,1,4
0,32,4,1,3,2,1,4087,4,3,2,9,2,6,5,1,2
0,48,3,0,3,1,1,2367,8,3,4,10,2,8,2,7,6
0,34,1,1,3,1,4,2972,1,3,3,1,1,1,0,0,0
0,55,3,1,2,5,4,19586,1,4,3,36,3,36,6,2,13
0,34,2,1,3,2,4,5484,9,3,2,9,2,2,2,2,1
0,26,1,0,3,1,4,2061,1,4,1,1,3,1,0,0,0
0,38,3,1,3,2,2,9924,0,3,4,10,3,9,8,7,7
0,38,2,0,3,2,2,4198,2,3,2,8,4,3,2,1,2
0,29,2,1,3,1,1,4723,1,3,4,10,3,10,9,1,5
0,39,4,1,4,3,3,8237,2,3,1,11,3,7,6,7,6
0,29,1,1,3,2,4,8853,1,3,4,6,4,6,4,1,3
0,42,4,1,2,5,4,19613,8,4,4,24,3,1,0,0,1
0,35,2,1,4,2,3,3407,1,3,4,10,2,10,9,6,8
0,34,4,1,2,2,3,5063,1,3,2,8,2,8,2,7,7
0,40,4,0,3,2,1,4639,1,3,3,5,3,5,4,1,2
0,43,4,1,4,1,2,4876,5,3,3,8,3,6,4,0,2
1,28,3,1,3,1,2,2408,1,3,3,1,3,1,1,0,0
0,22,2,0,2,1,3,2814,1,3,2,4,2,4,2,1,3
0,50,2,1,3,4,3,11245,2,3,3,32,3,30,8,12,13
0,32,2,0,4,1,4,3312,3,3,4,6,3,3,2,0,2
0,44,2,0,3,5,4,19049,0,3,4,23,2,22,7,1,10
0,30,2,1,2,1,2,2141,1,3,2,6,2,6,4,1,1
0,45,3,0,1,2,1,5769,1,3,1,10,3,10,7,1,4
0,45,1,1,2,2,1,4385,1,3,1,10,3,10,7,4,5
0,31,4,1,3,2,1,5332,7,3,4,10,3,5,2,0,3
0,36,3,0,3,2,3,4663,9,3,2,7,3,3,2,1,1
0,49,3,0,3,1,1,3211,1,3,4,10,2,9,6,1,4
0,35,2,1,4,2,1,5208,1,3,4,16,3,16,15,1,10
0,21,3,1,3,1,4,3117,1,3,3,3,3,2,2,2,2
1,18,2,0,3,1,4,1569,1,3,3,0,4,0,0,0,0
0,47,4,0,3,5,3,19658,3,3,3,27,3,5,2,1,0
0,40,1,0,2,3,3,10435,1,3,4,18,3,18,15,14,12
0,37,3,1,3,2,3,5768,3,3,1,9,2,4,3,0,2
0,39,1,0,3,2,3,5042,0,3,4,10,1,9,2,3,8
0,45,4,0,2,2,4,5770,1,3,1,10,3,10,7,3,9
1,35,4,1,2,3,1,10306,9,3,3,15,3,13,12,6,0
0,37,2,0,3,1,2,3936,1,3,1,8,1,8,4,7,7
0,40,3,0,3,3,4,7945,6,3,4,18,2,4,2,3,3
0,44,1,1,3,2,4,5743,4,3,3,14,3,10,7,0,2
0,48,3,1,2,4,4,15202,2,4,2,23,3,2,2,2,2
1,35,1,1,1,2,4,5440,6,3,4,7,2,2,2,2,2
0,24,1,0,3,1,4,3760,1,3,3,6,3,6,3,1,3
0,27,2,0,4,1,3,3517,7,3,1,5,3,3,2,0,2
1,40,1,1,3,1,1,2166,3,3,2,10,1,4,2,0,3
0,29,3,1,2,2,3,5869,9,3,3,8,3,5,2,1,4
0,36,2,0,3,3,1,8008,4,3,3,9,3,3,2,0,2
0,25,4,1,4,2,3,5206,1,3,3,7,3,7,7,0,7
0,50,4,0,2,3,1,13269,5,3,3,19,3,14,11,1,11
0,20,3,0,3,1,3,2783,1,3,1,2,3,2,2,2,2
0,34,4,0,3,2,2,5433,1,3,3,11,3,11,8,7,9
0,36,1,1,3,1,2,2013,2,3,3,15,3,4,3,1,3
0,49,3,0,2,4,3,13966,2,3,2,30,3,15,11,2,12
0,36,4,0,2,2,3,4374,0,3,3,4,3,3,2,1,2
0,36,4,1,4,2,1,6842,6,4,1,13,3,5,4,0,4
0,54,2,0,3,4,3,17426,3,4,3,36,3,10,8,4,7
0,43,3,1,2,4,3,17603,1,4,1,14,3,14,10,6,11
0,38,4,1,3,2,4,4735,7,3,4,19,4,13,11,2,9
0,33,4,1,3,2,4,5505,1,3,3,6,3,6,2,0,4
0,32,4,1,3,2,2,5470,0,3,3,10,2,9,5,1,6
0,31,1,0,3,2,4,5476,1,3,1,10,3,10,0,0,2
0,49,4,0,3,1,1,2587,4,3,2,17,2,2,2,2,2
0,38,4,0,2,1,2,2440,1,4,2,4,3,4,3,3,3
0,49,3,1,3,4,3,15379,4,3,1,23,3,8,7,0,0
0,41,4,1,3,3,3,7082,3,3,4,21,3,2,0,0,2
0,33,3,0,3,2,4,5368,1,4,3,7,3,6,5,1,2
0,44,3,0,3,1,4,3195,4,3,1,8,3,2,2,2,2
1,23,4,1,2,1,3,3989,1,3,1,5,3,5,4,1,2
0,38,4,0,3,1,3,3306,7,3,4,7,2,0,0,0,0
1,48,4,0,3,1,3,2655,2,3,3,19,3,9,7,7,7
0,55,1,1,2,1,2,3537,5,3,4,8,3,4,2,1,2
0,34,2,1,2,2,4,3986,1,3,3,15,4,15,10,4,13
0,60,3,1,1,3,4,10883,3,4,3,19,4,1,0,0,0
0,37,3,1,1,2,4,9525,1,3,3,6,2,6,3,1,3
0,34,2,0,2,1,4,2929,1,3,2,10,3,10,9,8,7
1,23,3,1,3,1,4,2275,1,4,2,3,3,3,2,0,2
0,44,3,0,4,3,4,7879,1,3,2,9,3,8,7,6,7
0,35,1,1,2,1,4,4930,0,3,3,6,4,5,4,1,4
0,43,4,1,3,2,4,7847,1,3,1,10,3,10,9,8,8
0,24,3,1,4,1,3,4401,1,3,4,5,3,5,3,0,4
0,41,4,1,3,3,3,9241,1,3,2,10,3,10,8,8,7
0,29,4,0,3,1,3,2974,9,3,3,9,3,5,3,1,2
0,36,3,0,3,2,4,4502,3,3,3,17,2,13,7,6,7
0,45,3,1,2,3,3,10748,3,4,4,25,2,23,15,14,4
1,24,4,1,1,1,3,1555,1,3,3,1,3,1,0,0,0
1,47,3,1,1,4,3,12936,7,3,3,25,1,23,5,14,10
0,26,4,1,1,1,3,2305,1,3,3,3,4,3,2,0,2
0,45,4,0,2,4,2,16704,1,3,3,21,3,21,6,8,6
0,32,1,1,3,1,3,3433,6,3,1,10,2,5,2,1,3
0,31,2,1,3,1,3,3477,1,3,4,6,4,5,2,0,3
0,41,3,1,1,2,2,6430,6,3,2,10,3,3,2,1,2
0,40,2,0,3,2,1,6516,2,3,2,18,3,1,0,0,0
0,24,2,1,3,1,1,3907,1,3,2,6,4,6,2,1,2
0,46,3,1,3,2,2,5562,6,3,4,19,3,10,7,0,9
0,35,4,1,3,2,3,6883,2,3,2,17,3,7,7,0,7
0,30,2,1,3,1,4,2862,1,3,2,10,2,10,0,0,8
1,36,2,1,2,2,1,6134,5,3,2,16,3,2,2,2,2
1,32,1,1,1,2,2,6735,6,3,2,10,3,0,0,0,0
0,23,3,0,3,1,2,3295,1,3,3,3,1,3,2,1,2
0,39,4,1,3,2,4,6472,1,3,4,9,3,9,8,5,8
0,40,2,1,3,5,2,19833,1,3,2,21,2,21,8,12,8
0,45,3,0,1,3,3,9756,4,4,3,9,4,5,0,0,3
0,30,4,0,2,1,1,4968,0,3,4,10,3,9,7,0,7
0,24,1,1,3,1,4,2145,0,3,4,3,3,2,2,2,1
1,30,3,0,2,1,4,2180,6,3,3,6,2,4,2,1,2
0,31,1,1,3,2,3,8346,1,3,3,6,3,5,2,0,2
0,27,3,0,3,1,4,3445,1,3,3,6,2,6,2,1,4
0,30,3,1,2,3,1,7140,2,3,1,12,3,7,7,1,7
0,34,4,1,4,1,4,2932,0,3,1,6,3,5,0,1,2
0,33,4,0,3,2,2,5147,8,3,4,13,2,11,7,1,7
0,49,4,0,3,2,4,4507,3,3,3,8,4,5,1,0,4
1,33,1,0,3,3,1,8564,2,4,3,11,2,0,0,0,0
0,38,3,0,2,1,2,2468,4,3,2,9,2,6,1,0,5
0,29,4,0,2,1,1,2109,1,3,3,1,3,1,0,0,0
0,30,3,1,4,2,3,5294,3,3,3,10,3,7,0,1,7
0,32,2,1,3,1,2,2718,2,3,2,12,3,7,7,0,7
0,38,2,1,1,2,4,5811,3,3,3,15,3,1,0,1,0
1,43,3,1,2,1,3,2437,9,3,4,6,3,1,0,0,0
0,42,2,1,3,1,2,2766,8,4,2,7,2,5,3,0,4
0,55,3,1,2,5,1,19038,8,3,2,34,3,1,0,0,0
0,33,4,1,3,2,2,3055,5,3,4,11,2,9,8,1,7
0,41,3,1,3,1,1,2289,1,4,2,5,3,5,3,0,4
0,34,4,1,3,2,3,4001,1,3,3,15,3,15,14,0,7
0,43,2,1,3,1,4,3539,0,3,2,10,3,9,7,1,8
1,21,2,1,3,1,2,2679,1,3,2,1,3,1,0,1,0
0,38,4,0,2,1,3,3702,1,3,2,5,3,5,4,0,4
1,22,3,0,3,1,1,2398,1,3,3,1,3,1,0,0,0
0,31,1,0,2,2,4,5468,1,3,1,13,3,12,7,5,7
0,51,1,0,3,3,3,13116,2,3,4,15,3,2,2,2,2
0,46,3,1,3,5,4,19328,7,3,3,24,3,2,1,2,2
1,44,3,1,3,1,2,2342,1,3,3,6,2,5,3,2,3
0,37,3,1,3,2,2,4071,2,3,3,19,2,10,0,4,7
0,28,3,1,3,1,4,2044,1,3,3,5,4,5,3,0,3
0,39,3,1,3,3,3,13464,7,4,3,9,3,4,3,2,2
0,46,2,1,2,2,2,7991,8,3,3,6,3,2,2,2,2
0,40,3,0,3,1,1,3377,4,3,4,7,2,4,3,0,2
0,42,2,1,4,2,1,5538,5,3,3,10,2,0,0,0,0
0,35,2,1,3,2,4,5762,2,3,3,15,3,7,7,1,7
0,38,1,1,3,1,2,2592,5,3,4,13,3,11,10,3,8
1,34,4,1,3,2,1,5346,4,3,3,11,2,7,1,0,7
1,37,4,1,3,2,1,4213,1,3,2,10,1,10,3,0,8
0,43,1,1,3,1,3,2438,4,3,3,7,2,3,2,1,2
0,41,2,1,4,2,2,6870,3,3,1,11,1,3,2,1,2
0,41,3,0,3,3,3,10447,0,3,4,23,4,22,14,13,5
1,26,4,0,3,1,2,2148,0,3,3,6,3,5,1,1,4
1,46,4,0,3,2,2,8926,4,4,4,13,4,9,7,3,7
0,40,3,0,3,2,4,6513,4,3,4,12,3,5,3,0,3
0,34,2,1,4,2,3,6799,1,4,3,10,3,10,8,4,8
0,35,2,1,1,1,3,2705,0,3,2,6,4,5,4,0,3
0,47,3,0,2,3,2,10333,8,3,3,28,3,22,11,14,10
0,40,2,0,3,2,1,4448,2,3,2,15,3,7,4,7,7
0,54,4,0,3,2,4,6854,4,3,2,14,2,7,1,1,7
0,31,1,0,3,3,1,9637,2,3,4,9,3,3,2,2,2
0,38,2,0,1,2,4,5405,2,4,1,20,2,4,2,0,3
0,26,3,1,3,2,4,4684,1,3,1,5,3,5,3,1,2
0,18,2,0,3,1,3,1514,1,3,3,0,1,0,0,0,0
1,31,4,1,4,1,1,2956,0,3,3,2,3,1,0,0,0
1,29,1,1,2,1,1,2335,4,3,4,4,3,2,2,2,0
0,43,1,1,3,2,4,5675,1,4,3,7,3,7,7,7,7
0,32,4,1,3,2,4,4648,8,3,3,4,4,0,0,0,0
0,42,3,1,3,1,3,2936,3,4,2,10,2,6,3,3,3
0,47,2,0,3,1,3,2105,4,3,3,7,3,2,2,2,0
0,28,3,1,3,1,4,2706,1,3,2,3,3,3,2,2,2
0,29,4,1,1,2,3,6384,8,3,4,11,3,7,0,1,6
0,46,1,0,4,4,1,13225,2,3,4,25,3,19,17,2,8
0,43,1,0,2,5,3,19392,7,3,4,21,3,16,12,6,14
0,48,4,1,2,5,2,19665,4,3,4,29,3,22,10,12,9
1,29,4,1,2,1,4,2439,1,4,2,1,2,1,0,1,0
1,46,3,0,3,3,2,7314,5,4,3,14,3,8,7,0,7
0,27,4,0,2,1,1,4774,0,3,4,8,2,7,6,7,3
0,39,4,1,3,2,4,3902,8,3,2,7,3,2,2,2,2
0,55,2,1,2,1,4,2662,8,4,2,19,4,5,2,0,4
1,30,2,1,3,1,4,1081,1,3,3,1,2,1,0,0,0
1,22,4,1,3,1,2,2472,1,4,1,1,3,1,0,0,0
0,36,2,0,2,2,3,5673,1,3,1,10,3,10,9,1,7
0,34,3,1,3,3,4,9713,2,3,4,9,3,5,3,1,0
0,29,4,1,3,1,1,2062,3,3,2,11,3,3,2,1,2
0,37,4,1,3,2,1,4284,5,4,3,16,3,5,3,0,4
0,45,2,0,2,2,4,5906,0,3,4,10,2,9,8,3,8
0,40,1,1,3,4,1,16823,2,3,1,22,3,19,7,11,16
0,44,2,1,4,2,1,5033,2,3,4,10,3,2,0,2,2
1,34,4,1,1,1,1,2307,1,4,2,5,3,5,2,3,0
1,56,1,1,3,1,4,2587,1,3,4,5,3,4,2,1,0
0,36,3,1,2,2,2,5507,2,3,3,12,1,4,2,1,3
0,41,3,0,3,2,2,4393,5,4,3,14,3,5,4,1,4
0,31,3,0,3,2,4,6583,2,3,4,8,3,5,2,1,4
0,31,1,0,4,1,3,3978,8,3,2,4,2,2,2,2,2
0,26,3,1,4,1,4,2544,0,3,1,8,3,7,7,7,7
0,45,2,1,3,2,3,5399,4,3,3,12,3,4,2,0,3
0,33,2,1,3,2,3,5487,1,3,2,10,2,10,4,0,9
0,28,3,1,2,2,4,6834,1,3,3,7,3,7,7,0,7
1,29,3,1,4,1,1,1091,1,3,4,1,3,1,0,0,0
0,39,1,0,1,2,3,5736,6,3,3,10,3,3,2,1,2
0,34,3,1,2,2,4,5747,1,3,2,16,3,15,10,6,11
0,47,3,1,3,2,2,5467,8,3,3,16,4,8,7,1,7
0,56,4,0,2,2,1,5380,4,3,3,6,3,0,0,0,0
0,39,1,1,3,2,1,5151,1,4,4,10,3,10,0,7,9
0,58,4,0,3,4,4,17875,4,3,3,29,2,1,0,0,0
1,32,1,0,4,1,3,2432,3,3,1,8,3,4,1,0,3
0,38,2,1,3,1,4,4771,2,3,4,10,4,5,2,0,3
0,49,2,1,3,5,4,19161,3,3,4,28,3,5,4,4,3
0,35,2,1,3,2,1,5561,0,3,4,6,1,5,3,0,4
0,28,3,1,3,1,3,2144,1,3,3,5,2,5,3,1,4
0,31,3,1,3,1,1,3065,1,3,4,4,4,4,2,2,3
0,36,1,1,4,1,2,2810,1,4,2,5,3,5,4,0,2
0,34,1,1,3,3,4,9888,1,4,1,14,2,14,8,2,1
0,26,3,1,3,1,1,2867,0,3,4,8,2,7,7,7,6
0,32,3,0,3,2,4,6667,5,3,2,9,3,5,1,1,2
0,31,4,1,1,2,1,5003,1,4,2,10,3,10,8,8,7
0,27,4,1,3,2,4,4105,1,3,1,7,3,7,7,0,7
0,32,4,1,2,2,4,9679,8,4,2,8,3,1,0,0,0
1,31,1,1,3,2,4,5617,1,3,3,10,3,10,7,0,8
1,53,1,1,3,3,1,10448,6,3,2,15,2,2,2,2,2
0,54,1,0,3,2,3,2897,3,3,3,9,2,4,3,2,3
0,33,4,1,3,2,3,5968,1,4,3,9,3,9,7,2,8
0,43,1,1,3,3,3,7510,1,3,2,10,3,10,9,0,9
0,38,4,1,3,1,2,2991,0,3,2,7,3,6,2,1,2
0,55,3,1,4,5,2,19636,4,3,1,35,3,10,9,1,4
0,31,4,0,1,1,4,1129,1,3,3,1,3,1,0,0,0
0,39,2,1,3,4,1,13341,0,3,1,21,3,20,8,11,10
0,42,4,1,2,2,3,4332,1,3,4,20,3,20,9,3,7
0,31,3,0,3,3,3,11031,4,4,3,13,4,11,7,4,8
0,54,3,0,3,2,1,4440,6,3,4,9,3,5,2,1,4
0,23,4,1,3,1,4,2647,1,3,3,5,4,5,2,1,4
0,40,2,0,3,2,2,5677,3,3,3,15,3,11,8,5,10
0,25,3,0,3,1,2,2187,4,3,3,6,3,2,0,1,2
0,30,4,1,3,1,2,3748,1,3,3,12,2,12,8,1,7
0,25,4,1,3,1,3,3977,6,3,3,7,2,2,2,0,2
0,47,1,1,3,3,3,8633,2,4,2,25,3,17,14,12,11
0,33,2,1,2,1,3,2008,1,3,3,1,2,1,1,0,0
0,38,4,1,3,2,2,4440,0,3,1,16,3,15,13,5,8
0,38,1,1,2,2,3,5321,2,3,4,10,3,8,3,7,7
0,41,4,1,3,1,4,2782,3,4,1,12,3,5,3,1,0
0,35,4,1,3,1,3,2660,7,3,3,5,3,2,2,2,2
0,22,4,1,3,1,3,3375,0,3,4,4,4,3,2,1,2
0,35,2,1,3,2,3,5098,1,3,2,10,3,10,7,0,8
0,33,2,0,3,2,4,4878,0,3,1,10,3,9,7,8,1
0,32,3,0,2,1,2,2837,1,3,3,6,3,6,2,4,1
0,40,1,1,3,1,4,2406,8,3,3,8,2,1,0,0,0
0,32,2,1,2,1,2,2269,0,3,2,3,3,2,2,2,2
0,38,2,0,1,3,3,13206,3,3,1,20,3,18,16,1,11
0,32,3,0,3,3,4,10422,1,3,3,14,3,14,10,5,7
0,25,1,0,3,2,3,4907,0,4,2,6,2,5,3,0,4
0,52,1,1,3,1,4,3482,2,3,2,16,2,9,8,0,0
0,44,2,1,3,1,4,2436,6,3,3,6,3,4,3,1,2
0,21,3,1,3,1,1,2380,1,3,4,2,3,2,2,1,2
0,39,4,1,3,5,4,19431,2,3,3,21,2,6,0,1,3
1,23,4,1,3,1,1,1790,1,3,1,1,2,1,0,1,0
0,36,4,0,3,2,2,5131,7,3,2,18,3,4,2,0,2
1,29,1,1,3,1,4,4787,9,3,2,4,4,2,2,2,2
0,42,1,1,3,5,3,18880,5,3,1,24,2,22,6,4,14
1,56,4,1,3,1,3,2339,8,3,4,14,1,10,9,9,8
0,41,1,0,2,4,2,13570,0,4,3,21,3,20,7,0,10
0,36,4,1,1,2,4,5406,1,4,1,15,2,15,12,11,11
0,41,3,1,2,2,2,8938,2,3,3,14,3,5,4,0,4
0,32,4,1,3,1,1,2439,1,3,4,4,3,4,2,1,2
0,35,3,0,3,3,4,8837,1,3,3,9,3,9,0,1,7
0,38,1,0,3,2,4,5343,1,3,3,10,3,10,7,1,9
1,50,2,1,3,2,3,6728,7,3,4,12,3,6,3,0,1
0,36,2,0,2,2,4,6652,4,3,1,8,2,6,3,0,0
0,45,4,0,3,2,3,4850,8,3,3,8,3,5,3,0,1
0,40,3,1,2,1,3,2809,2,3,4,8,3,2,2,2,2
0,35,3,1,3,2,3,5689,1,3,4,10,4,10,2,0,2
0,40,3,0,3,1,3,2001,2,3,2,20,3,5,3,0,2
0,29,4,0,2,1,1,3785,1,3,2,5,1,5,4,0,4
1,50,4,1,2,3,1,10854,4,3,2,20,3,3,2,2,0
0,39,2,0,2,4,4,12031,0,3,1,21,2,20,9,9,6
0,31,2,1,3,2,1,9936,0,3,2,10,3,9,4,1,7
0,26,4,0,2,1,3,2966,0,3,4,5,3,4,2,0,0
0,36,3,1,4,2,4,2571,4,3,3,17,3,5,2,0,3
0,39,4,1,2,3,1,9991,4,3,1,9,3,7,7,1,7
0,27,2,1,4,2,2,6142,1,4,2,6,3,6,2,0,3
